SearchToken,Occurances
chicken,19230
cream,16056
cheese,14013
beef,13566
pie,11475
juice,11487
sauce,11296
pork,11103
potato,10237
green,9804
diced,9610
beans,9135
tomato,8609
corn,8187
apple,7844
bread,7781
sausage,7463
mix,7017
cake,7010
sugar,6505
turkey,6489
onion,6404
rice,6356
bean,6265
bacon,6199
salad,5953
egg,5931
orange,5740
fruit,5631
paper,5424
ham,5403
butter,5251
brown,5166
garlic,5119
lemon,5037
pepper,4946
base,4824
milk,4787
roll,4679
honey,4653
soup,4472
steak,4261
red,4153
gravy,4088
broccoli,4154
french,4063
cranberry,4060
sliced,4010
patty,4000
sour,3950
water,3971
peas,3888
italian,3889
tea,3866
ground,3818
banana,3995
oil,3777
cups,3733
pudding,3684
nectar,3634
biscuit,3650
roast,3595
cottage,3591
carrots,3533
powder,3506
chocolate,3469
sweet,3511
cup,3445
tuna,3431
toast,3446
creamer,3419
spinach,3397
peaches,3369
potatoes,3741
carrot,3220
vanilla,3226
oatmeal,3211
dressing,3148
muffin,3128
bbc,3123
pineapple,3166
peanut,3074
hot,3048
ice,3036
ranch,3017
cabbage,3007
pot,2993
pancake,2974
loin,2934
jelly,2933
breast,2916
cocktail,2873
mayo,2870
peach,2876
topping,2857
yellow,2841
white,2803
bun,2750
lettuce,2763
chips,2728
flour,2731
strawberry,2847
yogurt,2733
baked,2674
cucumber,2618
tomatoes,2893
mustard,2602
mandarin,2908
wheat,2568
ketchup,2568
raisin,2583
eggs,2547
vegetable,2527
cauliflower,2532
coffee,2582
marina,2610
applesauce,2477
pan,2474
liquid,2499
cherry,2479
pizza,2464
pears,2430
celery,2390
copy,2373
puccini,2361
black,2359
brownie,2352
sherbet,2328
rolls,2317
syrup,2307
hamburger,2294
shell,2279
wash,2267
tilapia,2268
capri,2249
ravioli,2284
chop,2248
noodle,2219
oranges,2196
of,2188
meatballs,4109
brussel,2182
blend,2178
fish,2208
fresh,2166
stew,2155
spaghetti,2176
wipes,2124
tartar,2127
cinnamon,2125
mushroom,2119
squash,2069
salisbury,2066
chip,2161
croissant,2003
shrimp,2025
salmon,1959
spoons,1954
shredded,1924
cornered,1913
dog,1895
veg,1890
dice,1879
salt,1876
napkins,1875
english,1861
prune,1844
meets,1919
foam,1789
fry,1792
watermelon,1779
pea,1760
cheddar,1766
grape,1754
and,2064
macaroni,1747
relish,1731
crab,1722
danish,1724
crackers,1717
napkin,1737
mashed,1707
dinner,1703
bleach,1699
lemonade,1810
tropical,1684
foil,1677
yams,1662
swiss,1657
lancets,1629
pinto,1622
whipped,1619
lima,1608
pear,1608
apples,1657
tissue,1616
cracker,1604
oz,1596
straws,1566
gloves,1565
bran,1525
lasagna,1551
american,1503
graham,1486
cookie,1480
asparagus,1484
grits,1443
meat,1481
peppers,1437
yam,1407
tape,1413
pecan,1534
cod,1383
baby,1378
pumpkin,1371
heavy,1370
meet,1369
liner,1404
alcohol,1481
onions,1361
chili,1354
half,1353
pasta,1350
filling,1349
slice,1339
pulled,1339
blueberry,1353
strawberries,1334
fried,1303
vitamin,1297
waffle,1302
pancakes,1293
salsa,1287
grapes,1287
hash,1285
country,1277
tender,1325
greens,1271
burger,1251
sauerkraut,1259
tortilla,1264
noodles,1258
mixed,1236
coleslaw,1236
seasoning,1229
stewed,1224
tenders,1215
vegetables,1215
margarine,1418
parsley,1202
whip,1257
spoon,1186
bags,1183
biscuits,1188
levity,1180
bag,1254
pam,1172
okra,1172
thigh,1168
blue,1190
med,1167
strips,1156
power,1152
towels,1178
buns,1137
vinegar,1146
bananas,1136
flakes,1112
later,1108
pads,1104
collard,1083
sanitized,1084
texas,1048
sprouts,1062
angel,1025
pill,1022
thickened,1149
prep,1010
hague,1003
elbow,1028
jam,1000
food,991
bradstock,989
pound,987
dough,987
rib,985
tom,979
spray,979
cobbler,974
parmesan,978
coconut,971
polish,966
cocoa,963
stuffed,959
solid,961
lime,959
lucerne,961
cheesecake,956
cucumbers,945
hashbrown,936
towel,960
cookies,924
pickle,923
link,922
puree,921
toilet,968
hair,911
pollock,914
melatonin,929
hand,906
shampoo,906
razors,902
mozzarella,913
soy,899
leaf,897
shells,895
lotion,893
catfish,892
coating,897
rings,887
miti,886
basin,882
punch,869
chops,866
waffles,862
philly,853
trash,848
moz,921
fritter,844
bar,877
film,842
oats,842
kleenex,842
law,833
lids,831
ginger,831
soap,833
beet,824
rye,823
au,823
ordo,823
straw,877
frank,817
ribs,809
free,833
romaine,801
stuffing,803
sharps,795
cantaloupe,789
lid,785
puff,779
fig,775
boston,767
stick,770
container,751
ring,748
gauze,745
pink,743
thick,746
toothpaste,752
kielbasa,739
plastic,732
liners,730
mushrooms,723
veal,723
kidney,721
mouthwash,718
wild,713
paprika,710
liver,709
gratin,705
urinals,708
part,751
silver,703
gelatin,698
franks,688
wedge,683
packet,678
starch,676
dont,672
pearl,670
shaving,669
sheet,716
cran,664
alfredo,664
flounder,658
tots,656
muffins,655
omeprazole,677
shred,650
fork,650
penne,647
olive,645
saline,1212
sprout,643
batteries,639
ricotta,643
caesar,637
ferrous,630
patties,628
syringe,641
popcorn,625
tray,623
corned,622
tortellini,621
spring,643
taco,617
pens,615
bell,617
cilantro,614
pilar,612
plate,612
fudge,611
ensure,611
honeydew,613
brow,618
cube,605
gowns,600
top,755
dogs,598
negro,597
magic,595
c,593
stir,599
lancet,593
brush,748
venture,587
fries,585
plates,585
snap,585
faith,579
frosted,578
sheets,663
bologna,578
brisket,572
ale,572
refried,571
sulfate,567
manicotti,565
links,562
frozen,559
bowl,556
turnip,552
three,551
key,550
cereal,553
murine,550
ore,553
calcium,545
urinal,541
wax,542
mash,542
prostate,553
cleanser,537
insulin,552
skin,536
packets,535
test,536
wound,534
basil,532
razor,531
tissues,531
oriental,529
round,526
dreaded,525
brock,524
wedges,521
pit,520
scalloped,531
senna,521
hush,525
pickles,516
crumbs,513
deaf,511
sandwich,650
sticks,509
butterscotch,514
diet,513
mac,528
lemons,509
nuggets,506
dreamers,504
oat,504
meal,504
knife,586
clam,502
syringes,501
claro,501
cornmeal,501
marshmallow,525
ucc,495
loratadine,495
choc,495
pimentos,508
rinse,488
smoked,486
tenderloin,485
wafer,480
on,483
abd,476
tears,471
hairnets,663
tapioca,470
crust,464
split,465
glove,463
bathurst,463
ultra,462
farina,458
placement,459
buttermilk,458
granulated,469
drain,454
zinc,453
shake,452
acidophilic,455
nasal,454
bed,451
tart,450
grit,449
kale,449
detergent,460
loperamide,454
winter,442
boiled,440
cumin,440
oolite,434
mask,434
xl,442
cheerio,907
icing,445
large,447
oxide,429
season,431
antifungal,430
whole,427
animal,428
paste,428
babel,423
folders,454
nugget,422
sponge,423
meringue,423
berlin,416
melon,416
way,416
hard,413
raspberry,419
glucose,419
hushpuppies,409
thighs,409
cordon,406
assure,408
pad,402
tot,399
blueberries,411
leg,398
apron,398
brussels,402
famotidine,395
cleaner,393
crumb,392
cutlery,394
iron,392
pouch,398
bath,388
teriyaki,386
don'ts,385
can,434
it,394
spend,384
eclair,497
flat,384
avocado,385
enchilada,381
cannula,456
polyethylene,389
aaa,380
crusher,381
aa,380
cornstarch,378
sodium,376
hashbrowns,375
beer,374
mouth,373
wrap,372
magnesium,371
out,370
dawn,370
forks,370
cola,415
ranitidine,379
kiwi,368
strip,369
drink,368
grandma,398
kit,366
fantastic,362
deodorant,391
ointment,359
toothbrush,357
even,359
barrier,356
zyrtec,352
caramel,351
flake,351
yeast,349
dry,349
medium,479
dumpling,364
thyme,346
iceberg,350
tylenol,345
benadryl,343
saltires,342
grapefruit,343
spanish,340
pass,340
biofreeze,339
clear,343
mayonnaise,336
tips,334
eggplant,333
island,332
triple,331
shave,330
butterfat,330
sub,330
cut,335
grilled,326
bars,327
almond,326
mini,325
shortening,354
navy,324
net,321
miralax,320
panto,319
pastry,320
coke,318
nebuliser,340
cob,317
grill,322
cali,569
labels,312
northern,311
cornflakes,310
oyster,309
routine,309
naproxen,307
ibuprofen,353
cherries,325
scissors,306
mint,306
puffs,306
mag,304
mango,310
sharp,304
pearls,305
pesto,302
isolation,303
cloth,302
aspirin,417
pouches,301
peppering,301
coco,299
eye,325
feta,299
optifoam,298
marg,297
sani,297
protectors,296
idaho,300
d,295
dill,294
hydrocortisone,297
distilled,296
stapler,294
root,294
wafers,297
buffet,292
prunes,291
burgers,291
rosemary,293
baking,290
autoshield,288
clarity,287
salami,286
dairy,285
fryer,285
walk,284
label,309
harpies,282
montreal,280
provolone,279
mousse,278
california,279
dumplings,288
slices,274
bake,274
cakes,271
underpass,269
plus,268
lactose,269
spike,266
pack,296
club,268
calamine,269
treat,264
containers,265
bulk,302
blackberry,270
bay,262
basins,262
barley,263
spag,306
haddock,262
antibiotic,261
butt,261
mudhoney,259
body,259
lentil,257
placements,258
gel,258
gown,257
apricot,260
sharpe,280
pen,254
humidifier,309
krispies,369
hamburgers,254
walnut,252
old,252
balls,251
croissants,259
sterile,261
garden,252
tiramisu,249
extract,248
minestrone,248
binder,247
horseradish,246
acid,267
succotash,245
sprite,245
lorna,244
lactic,244
crowder,284
cock,254
tooth,244
breakfast,244
gallon,242
probe,244
suction,241
soda,240
nut,255
wings,255
combs,239
battered,239
assorted,239
raisins,259
browns,237
alienate,237
cetirizine,237
geriatric,237
breadsticks,237
tums,236
file,285
cuban,256
degreaser,236
tip,235
pretzels,357
guest,234
olives,233
pillow,232
supplement,235
piston,230
atlanta,230
velvet,252
crushed,231
bowls,230
dijon,230
perform,229
covers,229
san,229
hen,228
thicken,228
sloppy,227
prebiotic,228
silverware,231
cubed,226
wing,226
peri,225
lamb,258
artificial,224
pineapples,224
bisacodyl,222
briefs,222
mattress,229
cornish,218
skim,218
pull,218
place,222
chives,216
resource,283
wipe,215
chopped,216
hinged,216
ss,214
bacitracin,214
sistine,214
scout,214
sponges,213
cornflake,215
fitted,212
blackeyes,215
toner,212
crush,211
comet,211
hushpuppy,211
prince,212
deli,211
flank,210
inn,212
toasted,210
cutlet,209
teaspoon,208
scallop,208
cal,206
adhesive,207
safety,205
pine,230
boost,206
goldfish,205
glycol,225
couscous,205
quarter,204
shakes,203
local,206
florastor,203
lunch,205
clips,202
cole,202
joe,201
drops,201
laundry,206
pangasius,201
feeding,200
brief,200
hello,213
multi,200
aprons,199
boneless,199
nutritional,203
away,199
knives,200
ran,219
oregano,198
chloride,198
protein,200
mush,198
post,197
evaporated,194
track,210
tortillas,193
cuc,257
nets,192
ox,192
broth,192
correction,192
quit,192
sage,191
lysol,192
refresh,190
trout,193
marsh,195
vital,280
brat,199
teaspoons,189
berry,191
van,194
walnuts,189
multivitamin,207
needles,188
roasted,189
cloths,188
notes,188
floor,187
equal,193
canned,186
staples,197
emotion,186
solace,201
brushes,185
purely,185
facial,185
meatloaf,185
parkerhouse,184
german,184
ritz,183
folic,186
dishcloths,182
hp,182
klee,180
apricots,180
croutons,179
bagels,179
wiped,178
riley,178
mop,177
oasis,182
jasmine,201
enema,177
chic,175
croton,175
nail,174
sli,173
tabs,173
iced,172
spear,172
chick,171
evencare,171
saddle,172
anna,175
cath,170
creamed,170
pirate,171
bd,169
washbasin,169
disco,174
hinge,168
promise,168
pastrami,169
cover,182
ball,169
balsamic,166
rounds,166
tumbler,165
isosource,165
wine,166
s,163
surere,164
mat,162
markers,162
low,161
scotch,161
b,161
check,160
carr,159
fibre,158
lays,158
dawkins,158
pickled,157
bedpan,159
collars,158
medals,209
n,156
guacamole,157
pattie,156
lidocaine,174
radish,155
nutty,154
slider,154
brownies,153
comb,153
ruc,153
underpaid,154
end,160
pans,153
bank,154
lobster,151
garbanzo,151
cider,151
thermometer,161
spice,150
kiev,150
gait,150
pulse,150
wedding,149
disc,173
calmoseptine,149
fritters,149
clams,148
sales,228
doone,148
souffle,150
lett,147
specimen,149
marmalade,149
multiload,146
remote,233
filter,169
dishcloth,146
deliver,146
medicine,150
spread,146
bowie,145
promo,145
apex,144
nutmeg,144
arginaid,144
pang,167
kits,144
cap,147
canadian,143
shasta,143
irrigation,144
cough,143
titbits,143
whipping,143
if,149
docusate,143
inch,143
ounce,142
bib,163
preheat,142
guard,269
aspercreme,142
two,143
card,141
catheter,141
spin,144
yukon,143
artichoke,140
condensed,140
sourdough,139
cooked,140
icecream,139
tv,139
bandage,211
ores,139
newton,139
aid,138
floras,139
demi,138
salons,138
gran,137
lie,137
raw,137
crepe,137
lip,136
romain,136
hydrogel,135
custard,135
dispenser,145
barrel,134
crinkle,134
battery,137
pitcher,133
diabetisource,133
copier,133
short,138
greek,132
jack,132
underwear,132
dish,136
sher,132
caper,131
pop,133
scrub,132
burrito,145
pullman,131
berries,131
nirex,132
coat,130
anti,129
sauer,156
pity,129
portion,128
oven,128
simethicone,128
instant,128
capstick,128
canova,128
patch,134
caps,132
loratidine,127
ag,127
gluten,128
tb,127
clippers,127
bis,126
perigord,126
door,142
bottle,127
vit,125
oxygen,124
nemesis,124
smoke,126
nitrite,123
hazelnut,123
presoak,123
prilosec,123
name,122
mouse,127
kaiser,123
cous,122
mali,122
rope,122
serb,122
glucosamine,122
heel,121
sesame,121
the,151
finger,124
set,125
ban,121
allegra,121
drainage,130
remover,120
quarters,121
baribriefc,120
poultry,119
legal,119
highlighter,191
aloe,119
field,118
dipak,118
tort,124
snack,118
bye,118
holder,118
dash,118
compartment,118
metamucil,117
scandinavian,117
drug,120
sole,117
cranberries,130
omelette,151
cotton,115
tri,115
silk,117
non,114
super,119
trays,114
masks,114
pillows,113
rainbow,113
lynx,113
scone,113
pursed,113
pico,113
total,116
mepilex,112
crispy,170
capers,111
west,111
titbit,111
turnover,111
gnocchi,137
calf,189
major,155
tulip,110
dyce,110
balm,110
blitz,113
perish,110
mighty,110
kangaroo,114
shed,159
seafood,109
drumstick,113
peanutbutter,109
chuck,108
up,108
brd,108
solitaire,112
mats,108
chucks,108
no,110
fibersource,108
bogie,107
chive,107
alleyn,107
cajun,107
envelopes,108
tongue,106
dome,106
worcestershire,107
hairbrush,108
square,108
cant,105
folder,115
with,129
russet,104
blood,104
vin,104
triangle,103
cases,103
muff,103
quinta,103
possible,103
citrus,103
border,102
canister,102
neutron,103
pencils,102
clothes,102
roma,102
soft,102
dixie,105
caul,102
frites,102
jumbo,101
adult,103
prime,101
suture,101
proven,101
breeze,113
cone,104
parker,100
shoulder,100
foley,100
puppies,111
poly,100
herb,100
nicotine,103
clean,102
rhubarb,99
bulked,99
stride,99
urine,100
string,99
pvc,99
peeled,99
fitpluslg,99
teachers,99
brilliance,99
dividers,99
quick,110
bits,100
zantac,99
aerosol,105
wrapped,98
needle,98
man,100
imitation,100
medley,99
boot,97
kosher,97
novasource,97
protector,97
muscle,98
dessert,97
release,97
air,99
thera,101
spiral,97
parasol,96
scrambled,96
tubing,95
crisp,143
belts,95
tempera,95
creme,96
santa,141
edward,94
into,95
cost,94
squat,94
must,98
much,98
dip,93
chair,93
asian,94
fritz,103
pub,95
chef,175
erase,93
all,111
almonds,92
brioche,92
turk,92
swabs,92
binders,91
enzyme,103
brats,91
therahoney,91
chipped,91
diphenhydramine,91
you,136
fillet,91
grain,90
sheeted,90
softener,90
perineal,102
barbecue,158
pkt,89
flaked,89
bari,90
moon,98
stuff,92
dutch,88
rub,90
bottled,88
washclothes,88
pitchers,88
cheadle,88
tofu,88
fuel,87
checks,87
case,97
small,97
receipt,87
sum,89
cubes,87
sullen,86
control,86
germ,95
scones,86
scum,86
tab,86
swan,86
remedy,86
bedpans,87
dermaseptin,86
flush,86
e,86
light,85
patches,85
cheek,87
enchiladas,85
lance,85
complex,159
breasts,85
er,87
linguist,111
bakers,85
cross,127
inverary,85
russell,85
great,104
ticket,84
ti,84
z,84
fitplusxlg,84
ink,84
tablets,84
special,83
perforated,83
marble,83
portobello,97
dried,83
sand,86
crunch,85
acorn,82
belgian,82
spumoni,82
asp,83
peroxide,81
pierogies,81
laser,81
powdered,81
quiche,81
sirloin,82
says,86
box,81
board,81
nec,81
sacrum,81
spears,80
shoe,80
random,81
pro,84
aquacryl,84
bengal,79
k,79
silent,79
fettuccine,79
nap,79
cushion,79
crepes,79
socks,79
peace,94
printer,78
zip,78
style,78
toothbrushes,80
cannulas,94
seed,78
marathon,78
western,78
hydrofera,78
plain,80
for,81
bordered,79
good,133
tables,129
a,78
golden,78
activity,78
telephone,77
anaphor,77
iodosorb,77
marker,77
stool,77
baker,77
zeta,77
kernel,76
boxes,76
rudd,76
grease,76
elbows,76
hn,76
declogger,76
get,76
scramble,125
combo,77
citrate,75
nutrashield,75
artifical,75
acetaminophen,75
japanese,77
ketch,75
freeze,85
garbage,74
table,132
vase,74
inside,74
maple,74
packs,75
topp,77
graduate,75
duck,73
basmati,76
hydraguard,73
creamy,73
sense,79
chub,133
gold,74
neb,73
lozenges,80
comp,72
emery,73
ruffles,72
hole,72
pimiento,72
chunk,72
airline,72
dic,72
normandy,72
drumsticks,72
gas,80
cave,71
crumble,71
eva,72
felt,74
dine,71
vinyl,72
cab,93
teddy,70
diplock,108
storage,70
bandages,103
seasoned,70
zoo,70
vaseline,70
stat,70
pavilion,71
hollandaise,69
sherry,69
fitextralg,69
fall,69
hydrocolloid,69
collagen,69
hawaiian,69
repair,70
shelled,69
knight,70
care,69
rasp,68
under,70
orders,68
glass,70
bleu,68
mar,68
detainer,68
press,70
inner,68
fitplusmd,68
limes,68
pencil,105
book,68
guaifenesin,68
batter,68
bouffant,70
frying,67
protective,67
procure,70
draw,67
bibs,67
iv,68
magnesia,67
poll,82
gal,67
devil,67
clothing,67
glaze,67
fitextraxlg,67
hotel,72
fexofenadine,67
scallops,74
stock,66
buddy,66
swirl,66
reacher,66
livers,66
prevail,78
tar,66
icy,65
culturally,65
band,67
male,75
sunflower,65
arthritis,66
mexican,65
spikes,65
homing,68
fixodent,65
mrs,65
dr,69
guerin,64
fracture,64
flex,67
windsor,66
duodenum,64
result,64
fingers,64
lite,64
pump,95
tarragon,64
wheelchair,64
drum,64
dress,64
bit,64
piece,63
solution,63
boil,63
cold,82
head,67
belt,63
refilled,63
leek,63
graduated,63
broom,63
buster,62
blackberries,64
ross,69
forest,62
fire,62
medication,62
variety,62
nsa,62
antacids,66
lipton,62
browning,62
manila,62
bodywash,61
seat,61
bio,61
lock,61
urethral,70
avery,61
petroleum,65
styrofoam,61
sorbet,62
sip,61
throat,63
wiper,60
long,60
pressure,62
ear,60
oban,60
homestyle,60
meclizine,60
coca,60
layer,60
hardboiled,90
trio,59
candy,59
badge,59
pac,73
boots,58
masking,58
nuri,58
lactase,58
chunks,59
goo,58
leo,58
snacks,58
earl,58
brie,58
mug,58
casserole,58
wireless,58
tn,57
bitten,58
extra,81
bourbon,58
slipper,57
raspberries,57
phase,57
blackened,65
arugula,57
marshmallows,60
gentle,57
dart,56
snapper,56
slippers,56
beading,56
auto,56
masala,57
integrity,58
tegaderm,56
fill,57
probes,56
turnips,56
admission,55
tabasco,55
baguette,59
bic,55
micro,55
newtons,56
dole,55
hot-dog,55
renovate,55
graduates,55
staple,55
mein,55
rubber,55
anc,55
caspar,55
clip,55
v,55
substitute,55
cont,55
gumbo,55
lopez,55
oximetry,61
brother,54
sunday,54
prism,93
call,58
tide,55
stern,62
finish,56
bands,54
treats,54
translucent,56
crew,59
bounce,54
church,54
frankfurter,54
in,114
fancy,55
invisible,58
pc,55
chadd,53
spooned,53
fitplusrg,53
iodine,55
normal,53
goat,53
bac,53
shower,54
bottles,54
sidewinder,53
pow,53
abdominal,54
malt,53
polenta,53
removal,53
jus,53
microfilm,55
vegalene,53
perifresh,53
con,82
eng,55
silvasorb,52
tag,52
burgundy,52
dial,58
hobbies,52
decade,83
sign,54
elderton,52
pacific,52
iso,52
wheatberry,51
medline,51
clipper,51
hour,51
melt,52
khaki,51
did,81
aftershave,51
orbital,54
tella,51
ten,61
parchment,52
reggie,51
permanent,56
baribrief,51
mineral,51
concentrate,51
wellington,50
stent,50
dm,50
enroll,50
molasses,51
valve,50
pud,50
fitextraxxl,50
dakin,50
relief,50
ap,49
stainless,49
marin,52
say,49
patisserie,49
swab,49
monterey,49
exuded,49
righton,49
sunshine,49
amer,49
lentils,51
confection,49
doris,49
dennis,56
media,121
larry,48
hanging,48
lg,48
stirrer,75
ml,48
ago,62
loaf,48
scissor,48
dryer,48
electrodes,48
sal,48
triad,48
gatorade,47
size,47
dymo,47
rack,47
cantaloup,47
face,47
steel,47
toma,47
omen,47
poppy,47
frys,47
sticky,47
snow,48
bismuth,47
mer,46
puppy,46
solids,46
till,82
jalapeno,46
sock,46
spirometry,50
ravi,46
nutter,46
florey,46
gyro,46
nutrigrain,46
bisque,46
purple,46
pur,45
faiths,45
crack,52
mucus,45
hydrocerin,45
trail,45
packing,45
active,50
shaved,45
work,58
devils,44
insertion,44
florets,45
flavor,44
maaloy,44
fitplusxxl,44
legs,63
pulmonary,44
laminating,44
pepsi,44
surest,44
tend,45
its,47
oisin,44
aqua-pak,45
disposable,48
cos,55
spaetzle,44
robitussin,43
promote,64
overfed,43
weiner,75
shirley,43
nonsleeve,43
antiseptic,43
cat,47
emulsion,43
glasses,43
manda,43
hica,43
pierogie,43
holders,43
churns,43
corizo,43
stroganov,44
abu,44
sun,80
twist,43
hummus,42
barrels,45
medseptic,42
terms,43
nuns,42
arbor,42
turnbull,42
renew,42
gingerbread,42
misty,44
debtor,42
lo,42
bahama,42
ocusoft,42
uvistat,42
grated,42
gluconate,42
peppered,42
ciabatta,42
kiel,53
division,42
fabulous,44
halves,42
coaguchek,42
cc,42
thousand,41
sacral,41
tatlock,44
crusted,41
vitamins,41
machine,41
hip,41
excel,41
preservation,41
cool,41
blade,41
taff,41
commode,41
minerals,41
prove,41
pep,74
sauna,41
carbide,41
stoma,41
supplements,42
vanishes,41
wheats,41
m,41
centram,41
brooms,41
boards,40
clay,40
wraps,40
sister,40
chuckwagon,40
stripper,40
verge,40
temp,40
ace,40
fingering,41
dump,43
make,40
confectioner,40
transparent,40
orang,40
malibu,40
office,40
cards,40
sweetener,40
kalamata,41
tarts,40
grey,41
hydro,45
allergy,40
tumblers,40
steaks,39
next,45
ribbed,39
leeks,39
crushers,39
polymath,39
iain,39
bicarbonate,39
pellet,39
filters,39
russian,39
tonic,39
sets,39
par,39
til,39
terry,44
crop,46
bulbs,38
mel,49
aluminum,38
rocco,38
tags,38
charles,38
strap,38
fitextramd,38
shortbread,39
chap,39
mediocre,38
whirl,38
tail,38
furniture,38
mandarins,55
petit,38
nova,38
fitbasiclg,38
bev,38
sandwiches,38
chard,38
irish,38
brick,37
frosting,37
mari,37
biotin,37
pain,54
disinfectant,37
optilock,37
envelope,38
bro,37
destroyer,37
suckers,38
mechanical,37
address,40
carafe,44
glace,36
washbasins,36
fold,37
incentive,37
wall,46
clotrimazole,36
form,36
blades,36
unsalted,36
past,36
chico,36
peng,36
strudel,36
grouper,36
cushions,38
bok,36
butane,38
pines,36
crystal,36
andouille,36
color,38
peppermint,36
sting,36
deo,36
bandar,36
damage,36
entree,36
munching,36
boursin,36
here,35
rough,35
panic,35
onto,43
shortage,35
tuscan,35
blankets,35
o,35
breather,45
t,35
after,35
nestle,35
thrive,35
slip,38
beverage,35
elastic,35
drop,35
bea,35
ct,35
hershey,37
arm,35
bottom,34
front,35
fitbasicxlg,34
classification,34
oral,34
mascarpone,34
rolle,34
villa,34
guam,34
parsnip,34
complete,40
preference,34
dimethicone,34
vegetarian,34
calatin,37
horse,35
sol,34
tnt,34
desk,34
start,35
asst,34
let,81
life,33
sir,33
nana,33
am,35
pick,39
jasper,33
shrewd,33
vecchi,33
stethoscope,51
app,51
microwave,34
moist,33
asia,61
gray,52
sf,33
efta,33
hushpuppie,33
adaptec,33
mitt,33
sore,34
quart,33
sausages,33
euro,34
ding,33
grahams,33
thing,33
carne,34
hangers,33
skilled,33
beneprotein,32
sauternes,33
lift,32
pasteurised,33
lugg,32
off,51
cbc,32
pistons,33
butterfly,32
chow,32
surge,32
curry,32
fitplusxl,32
note,32
chi,32
heads,32
pleura,32
pistachio,32
self,35
personal,32
walker,32
jet,37
cepacia,32
greasestrip,32
pv,32
fresher,31
de,31
ome,31
contour,31
daily,32
aids,33
braised,31
regular,31
nuts,49
griddle,31
chew,31
liverworts,31
blended,31
cook,41
duster,31
report,31
ben,35
las,31
cavatappi,30
mountain,30
shank,30
master,30
autoshields,30
fitbasicxxl,30
well,31
story,30
sleeve,30
ling,31
ch,32
monthly,30
collister,29
germany,29
keyboard,30
lactobacillus,29
coin,29
matchstick,29
ultradry,29
beard,29
latex,29
button,29
duo,29
eraser,29
summer,30
clod,29
enemas,29
cutter,29
plas,29
soothe,29
aide,29
glazed,29
panda,29
aspercream,29
chile,35
dark,29
alt,29
fluticasone,29
crumbles,29
glance,29
ceiling,29
fungal,31
patient,29
concentrator,29
double,28
dig,29
xx,35
dandy,28
dermavera,28
term,40
mailing,28
kitchen,28
plantain,49
far,38
supp,28
moisturizer,28
pat,28
x,28
gaza,28
eco,28
chee,28
jug,39
delight,29
perfect,28
jap,28
urinary,28
solo,29
brew,28
farfalle,28
blinds,28
notebook,28
toenail,28
minced,28
physician,28
latin,30
mattresses,29
scour,27
fusion,33
ruffle,27
pole,33
af,27
canisters,29
alive,29
books,27
fitultralg,27
wanderguard,27
stratasorb,27
female,27
gouda,27
rolled,27
dermaphor,27
albacore,27
alarm,27
coal,45
carnival,47
perch,27
caribbean,28
melons,27
tubigrip,27
focaccia,27
pm,31
plurogel,27
plum,27
line,27
nun,27
crane,29
bladder,27
bnb,27
sleeves,27
tear,26
monza,26
funnel,26
gay,26
fitultraxxl,26
heart,26
gallo,26
fennel,26
aloetouch,26
fiesta,26
convatec,26
dorigo,26
banker,42
hens,26
herbert,28
cashew,26
parsnips,26
dermafungal,26
eliminator,27
lady,26
dispatch,43
nape,26
trim,26
potsticker,26
notebooks,26
easy,26
fast,26
order,26
hankamer,26
back,61
squeeze,28
areas,29
secure,45
goblet,26
sling,25
wander,25
comfort,25
elder,25
prominence,26
ocular,25
push,25
expandable,25
org,25
platinum,25
fitultraxlg,25
tres,25
chamoun,25
prosight,25
quest,26
skinless,25
grand,37
max,26
urostomy,25
gelatine,25
catalina,25
dell,25
new,25
each,30
seeds,25
cancelling,25
last,65
clipboard,25
five,25
optical,28
lyons,25
pellets,25
crispies,28
pledge,24
carita,24
soho,24
ballast,26
fine,31
peanuts,24
pints,26
dream,24
louis,24
ass,26
applicator,37
fingernail,24
weed,24
arab,24
sara,28
high,24
vinaigrette,24
fat,24
germicidal,24
ladies,24
kyoto,24
car,46
cans,24
gra,24
giveaway,24
ahoy,24
lay,24
preserve,24
laxative,26
wide,24
bucket,25
pentamer,24
vic,24
mrsdash,24
tube,28
asmara,24
carry,28
rx,24
worcester,24
knorr,24
hydrophone,23
haricot,23
nurses,23
handle,24
wood,23
id,23
decloggers,23
stiffer,23
smoking,23
remark,23
tenderizer,23
dehydrated,23
msceduruler,23
always,33
hull,23
handsome,23
theraband,23
cart,23
swedish,23
game,23
spitfire,23
conc,23
dorma,23
pant,23
salonga,23
ocuvite,23
squares,23
matzo,23
collection,23
zero,23
cascade,22
hearts,22
keystone,24
parfois,41
cheezits,22
reader,22
mojo,22
fitextrarg,22
freshener,22
softner,22
xerofoam,22
durafiber,22
over,22
puts,22
purpose,22
stress,23
drift,22
downes,22
loops,22
speed,22
pocket,23
cane,25
faucet,22
hibiclens,22
southern,22
margam,22
riviera,22
hose,22
phone,22
compression,22
spanakopita,22
progress,22
screen,22
peto,22
pies,22
four,22
petite,23
heath,22
nutrition,23
sea,25
dove,22
volt,22
isoform,23
cones,21
she,41
basic,25
polygon,21
minna,21
saucer,21
vesta,21
sali,21
breakaway,21
chess,21
mara,26
hypafix,21
rena,21
renal,21
phones,21
ultrasorb,21
dug,21
stop,22
gluck,21
cappuccino,21
wick,21
aqua,21
zeasorb,21
may,21
fenwick,24
ndc,21
decide,21
kill,23
chamomile,28
bus,26
collector,21
mitts,21
liberton,21
walley,21
mocha,21
one,22
loins,21
sackcloth,21
havant,21
led,21
navel,21
pars,21
port,24
clock,21
conforming,20
apply,21
fullbacks,20
leaves,20
tub,20
shallot,20
robotics,20
freezer,20
wesson,20
reducer,20
frankfurters,20
pure,29
run,20
safe,20
seas,20
miss,31
vicar,20
straps,20
acidoph,20
purloin,20
cobb,20
dust,20
piero,30
hock,20
rocky,20
champ,21
oak,20
luke,20
canon,20
possibles,20
cell,21
austin,20
confectioners,20
sweetened,21
stadium,20
mark,30
bolo,23
pieris,20
tile,20
pillowcase,20
ted,20
day,20
ramekin,20
standard,20
fuze,20
emes,19
pillowcases,19
crum,19
mints,19
krabbe,19
snickerdoodle,19
spina,19
buff,19
macho,19
florentine,19
placate,19
ad,19
to,28
hydrogen,19
cooking,19
preserves,19
pin,19
bites,19
cholera,19
pre,19
blanket,19
eyed,19
frau,19
tyson,20
maria,19
condense,19
gala,20
mirepoix,19
wed,25
claw,19
resident,19
etc,19
dishwasher,21
aizlewood,19
general,24
flatmate,20
microsoft,19
napa,19
miracle,19
lilac,25
shaker,19
fitbasicrg,19
gap,19
rigid,19
enteral,19
rags,19
cleanse,19
cannon,32
sup,19
simply,19
planner,19
amos,19
heat,19
prevalent,19
st,28
lac,19
classic,20
palm,18
stevie,18
cuts,22
macari,18
thermometers,21
prenatal,18
toe,18
urchin,18
natural,18
shelf,18
tank,18
loop,18
aero,18
braun,18
upside,18
toothettes,18
retention,18
cork,18
fuji,18
pim,18
pontoon,18
nurse,25
big,23
deluxe,26
jimmy,18
glue,21
fabric,18
bistro,18
grave,18
pots,18
calendar,18
limbs,18
breakdown,18
radishes,18
wor,18
aseptic,18
road,19
radio,28
stretch,18
divided,18
design,19
mum,19
dean,18
ultimate,18
ciao,18
oysters,18
bunny,18
baribriefplus,18
pieces,18
sliders,18
feed,18
mist,18
bedside,18
pendant,20
sensicare,18
china,17
dietary,17
letter,18
multipurpose,17
prosciutto,18
turnberry,17
zep,17
fortune,17
reading,17
haemorrhoids,17
kennedy,17
hands,17
ric,17
cabinet,17
queen,17
xerox,19
home,36
closure,17
avocados,20
stand,25
smith,22
shout,17
artisan,17
senokot,17
sucker,17
pepperoncini,17
scrubbing,17
down,31
twice,19
kraft,18
diaper,17
co,26
scouring,17
america,19
baklava,17
paint,17
girl,20
polymer,17
chairs,17
colored,17
neutral,17
blitzed,17
brill,20
lcr,17
saf,17
figs,17
stamps,17
scoop,19
wet,17
booties,20
cutie,17
stim,17
insulated,17
visitor,17
sparkling,19
additive,17
flan,17
puffing,17
limit,16
carmen,16
naps,16
whirls,16
unfit,16
vine,16
utility,16
badges,16
barrell,16
lubrifresh,16
files,18
atlantic,16
bulb,16
merely,16
central,16
chalet,16
welch,19
hippy,16
orchid,16
oran,16
supreme,18
ora,16
ibu,17
bells,16
clover,16
mdtdbltreadxl,16
collar,18
hat,16
frothy,16
slid,16
glu,16
signature,16
catheters,16
shorten,17
gravity,16
mops,16
maroon,16
dulcolax,16
ready,18
pf,16
bow,16
suds,16
until,19
nicaea,16
lower,16
king,21
tuberculin,16
microfibre,16
cellini,16
molassi,16
universal,16
crispin,24
cling,16
handled,16
floranex,16
phytoplex,16
charbroiled,16
tie,16
dew,16
oscar,16
index,24
dermalevin,16
baffled,16
dead,19
ditalini,15
handwash,15
hambro,15
ellen,15
lubricating,15
skewer,15
shivered,15
drinks,15
colgate,15
toothette,15
expectant,15
promogran,15
leeches,15
halve,15
stripped,15
tickets,15
calculator,15
sauces,15
your,19
fitultramd,15
gar,15
appetiser,15
best,21
soak,15
ripe,15
fitextraxl,15
cleansing,15
communication,15
vienna,17
sandie,19
exam,15
count,15
hi,15
connector,15
melgisorb,15
scream,15
fruits,16
digit,15
flap,15
ruler,15
tyro,15
tossed,15
macaroons,21
opt,16
quaternary,15
homo,15
diff,15
hubbard,15
converted,15
oath,15
service,15
granny,15
eagles,15
alert,15
fran,27
manicure,15
hushpupp,15
cash,20
gingerly,15
picks,18
vacuum,22
antibacterial,17
signs,15
tara,15
turnovers,15
oregon,15
sean,15
hairbrushes,15
aged,15
fitbasicmd,15
tracks,15
section,15
jellies,15
cantal,19
kettle,15
comfortfoam,15
rising,15
array,18
novelty,15
hot-dogs,15
humid,15
spill,14
fit,21
karl,15
angus,14
boat,14
from,15
bull,16
halibut,14
sun-dried,14
carnation,14
maker,14
satin,18
morning,14
carton,14
benecalorie,14
lander,14
linen,14
organizer,15
baja,14
tolnaftate,14
flavoured,14
foaming,14
twin,16
jerk,14
kalahari,14
dose,14
diapers,14
diffstat,14
pastel,14
coquette,14
print,14
sprinkle,17
wooden,14
poet,14
cavities,14
ac,14
mugs,14
scan,15
protege,15
measure,14
pap,14
odo,14
carbonate,14
pom,14
paw,14
clubs,14
bricks,14
hammermill,14
rich,23
sicilian,14
john,14
hushpup,14
quaker,14
dermacerin,14
coppull,14
bathroom,14
protestant,14
turn,17
colostomy,15
transmitter,14
tenderknit,14
keen,19
cutlets,14
england,14
peel,14
cuff,14
fluff,14
clipboards,14
doctor,18
unix,36
point,23
said,17
pins,14
nursing,14
scrubber,14
risotto,15
ins,14
pastries,13
lasagne,16
miconazole,13
incontinent,14
been,13
mphsafety,13
shallots,13
carpet,13
lights,13
zeno,13
pivot,13
pants,23
oxy,13
quinn,13
touched,13
smash,13
herring,13
cotta,13
h,13
turtle,13
anti-perspirant,13
writing,13
built,14
kris,13
cel,13
ply,13
flatbed,13
soloist,13
dermal,21
rutabagas,13
coriander,13
serve,13
fan,13
spinal,13
royal,14
eretz,13
cho,13
realisable,13
area,16
spare,13
cannulae,13
heirloom,13
sala,13
sure,15
mosquito,13
tur,13
guards,15
dermaklenz,13
brushed,13
artichokes,13
reg,13
drawer,16
hemorrhoidal,13
tuxedo,13
straight,13
tropic,23
discharge,13
added,13
this,20
ultrafoot,13
envy,16
conditioner,13
cre,13
rutabaga,13
uptake,13
mr,13
fitbasicxl,13
decubivite,13
vert,13
hang,14
cords,13
gem,13
inventory,13
capella,14
triangles,13
papilla,13
biohazard,13
time,13
candied,13
clarified,13
era,13
tor,13
knockwurst,12
seedless,12
anchovy,12
drinking,13
bug,12
corrugated,13
mach,12
he,19
lifter,12
tastes,14
truffle,12
shine,13
capsaicin,13
depressor,12
capp,12
jones,21
hamburg,19
dermaseptine,12
create,15
inhalation,12
original,12
iodoflex,12
coil,12
tablet,12
sphygmomanometer,14
cartridge,12
moose,12
coloplast,12
chablis,12
frill,12
cot,12
neutralize,12
allen,13
ira,12
pods,12
jackets,12
serum,14
retractable,12
wincup,12
guava,18
be,12
epson,12
fillets,12
primapore,12
halo,12
abba,12
plait,12
butterfinger,12
cohesive,12
lactulose,12
bol,12
harvest,12
handbooks,12
kat,12
mit,12
shield,12
smoothie,13
beget,12
pockets,12
ambrose,12
alarms,12
mani,12
rose,13
able,12
dressings,12
refrigerator,16
rum,12
bruschetta,12
mercy,12
cord,12
noo,12
salon,27
colby,12
change,12
frittata,12
wagon,12
darlington,12
squad,18
eagle,13
masai,14
whiteout,12
melba,12
rais,12
charcoal,12
choupette,14
opener,12
fours,12
tex,12
insert,11
curtain,11
log,11
thermal,11
per,20
clocks,11
melton,11
citric,11
better,11
homogenised,11
circle,11
stem,11
woven,11
empanada,11
wisconsin,11
th,18
munster,11
hong,18
marinated,11
center,11
tiles,21
therapy,11
privacy,11
roadcare,11
suppositories,15
nescafe,14
noted,11
ups,11
bre,11
layla,11
lances,11
dees,11
lava,11
unsweetened,11
pectin,11
calm,19
hydrocort,11
yardstick,11
towelled,11
rest,22
feather,11
mild,12
mphbaaa,11
shirt,17
slings,11
suppository,11
medigrip,11
chipotle,11
mphbaa,11
slow,13
wanton,11
nondairy,11
ellie,11
condition,11
nourishing,11
shrimps,11
cisco,11
wheelchairs,11
group,14
monarch,11
feathered,11
casino,11
flexible,11
poise,11
yakisoba,11
operative,11
window,13
town,12
russets,11
knickers,11
trump,11
mont,11
callil,11
crushable,13
fleet,11
snuggle,11
proline,11
maxi,14
onsite,12
crown,11
pfm,11
optimum,11
skid,11
buds,14
house,11
mdtdbltreadl,11
anasept,11
fitultrarg,11
jr,11
tall,11
panacea,12
surgical,11
smart,11
mphbaaz,11
beta,11
allure,11
luncheon,11
knitted,11
perspiring,11
tap,11
debridement,11
shorting,10
alum,10
horn,11
tat,10
child,19
taxation,10
silicone,10
bravo,10
fam,10
repressors,10
opera,13
dermafilm,10
step,14
moisture,10
doily,10
teal,10
italy,11
yell,10
incontinence,11
monitor,10
gr,10
grab,10
orient,18
jalapenos,10
mayor,14
captain,10
gunship,10
phantom,10
wheatears,10
crawfish,10
unir,10
formula,10
patti,10
merging,10
senior,10
north,10
splint,10
crossing,12
afresh,10
medical,11
butters,20
acclaim,10
code,14
bush,10
dentaswab,10
refill,15
applications,10
repro,10
dillon,10
adl,10
ken,12
wheel,10
was,11
lumberjack,10
trip,13
batt,10
bosch,11
trigger,10
brite,10
boise,10
ties,10
cayenne,10
multifolds,10
cloud,10
joint,10
hog,10
individual,10
postage,10
vitro,10
moistened,10
earth,10
monkfish,10
employee,10
boilie,10
acetamin,10
handbook,10
adapter,10
facto,10
matrix,10
bankers,15
coll,10
segment,10
relation,10
ajax,10
skirt,10
humidified,11
participation,10
contain,10
match,10
borscht,10
tripe,10
procedure,10
cham,10
mean,10
pritt,10
stomahesive,10
cosmo,10
di,11
pangs,10
tahiti,17
pak,10
flags,10
joy,10
multigrain,10
roller,10
telephones,10
cheeses,15
legend,10
diphe,11
provable,10
pope,10
ckd,10
corner,20
argentine,10
born,10
spins,10
same,13
spa,10
swordfish,10
prepass,10
solar,10
rico,10
flower,10
redskin,10
banatrol,10
again,10
thickening,10
or,14
doon,10
wrist,10
texture,10
tagamet,10
cowan,10
reese,10
trap,10
alternative,10
bubbles,10
claire,15
photo,17
corona,9
polystyrene,9
walkers,9
chestnut,9
avant,9
birthday,9
ardmore,9
trade,11
zephro,9
bruise,9
entel,9
mussel,9
screens,9
menthol,9
fitplusl,9
potstickers,9
tzatziki,9
copying,9
crac,9
japan,9
laminate,9
oliver,13
goblets,9
television,9
relator,10
tavern,9
measuring,9
has,13
gorgonzola,9
dlp,9
canzone,9
mussels,10
provo,9
cocktails,9
grade,9
colourless,9
digital,9
zebra,9
delay,9
adobe,9
det,9
diarrhoeal,9
rectangular,9
extension,9
herbal,9
shape,9
cann,9
intrdry,9
phill,9
stamp,9
night,9
force,10
padding,9
tread,9
batterie,9
purified,9
parma,9
wonder,9
chain,9
duty,9
ambrosia,9
brawny,9
navisoft,9
sticker,9
lax,9
stranger,9
powered,12
admit,11
scooby,9
citalia,9
trans,9
break,9
rot,12
gp,10
heartland,9
lips,9
nathan,14
netted,9
saffron,9
lozenge,17
thermostat,16
buggies,9
aimtech,9
jl,9
airlife,9
downy,9
spiced,9
compact,9
blast,9
pitted,9
flow,14
lattice,9
toffee,9
mold,9
role,10
lech,9
side,10
soaked,9
dominion,9
skins,9
brea,9
mphbaaaz,9
switch,9
paperclips,9
flavouring,9
message,9
tan,9
mela,9
bfmsmscrl,9
papertowels,9
lubricant,9
stripe,9
spices,9
dermaginate,9
maraschino,9
flor,9
supple,13
psyllium,9
knee,10
preparation,9
sale,10
pilot,9
supply,15
belonging,9
sun-up,9
loose,9
elmcroft,9
munch,10
sql,9
la,8
davison,9
citruspeach,8
path,10
antimicrobial,8
expo,8
ionized,8
tons,8
delights,8
cfs,8
fourflex,8
forms,8
hocks,8
barr,8
european,8
gourmet,8
revive,8
mesh,8
wettest,8
sided,8
men,10
mailbox,8
nutrisource,8
really,8
ruby,8
pert,8
flash,8
refrain,11
pierce,8
fr,8
tee,8
joey,8
poland,14
rt,8
connectors,8
dishes,16
taste,14
vanishing,8
invacare,8
shel,8
tony,14
scott,8
steam,8
buffing,8
chlorine,8
but,15
knots,8
murray,8
restorer,8
connect,11
thirst,9
sooth,8
glycerine,12
anvil,8
ocean,9
trace,8
sahara,8
squeegee,9
polyethyl,8
chillies,8
pond,8
careless,8
pty,8
vite,8
slim,8
bavarian,8
urn,9
printed,8
pete,8
dermaview,8
collectors,8
chafing,8
rectangle,8
folded,10
cetaphil,8
nonsleevet,8
acetic,8
rolex,8
kid,8
niagara,8
closed,8
koch,8
seats,8
regulator,8
versatile,8
lansoprazole,8
haw,8
hydrafoam,8
twill,8
twix,8
ladyfinger,8
corsie,8
glorious,8
gherkin,8
munchies,8
yolk,8
col,8
peppercorn,8
fame,8
pol,8
mostafa,8
curls,15
ultrasoftsupr,8
shares,8
forward,8
meter,8
walkie,8
mus,8
open,8
juices,8
viscopaste,8
barbara,8
str,8
dent,11
plant,11
maid,8
lifters,8
pendaflex,8
mortadella,8
ribbon,8
armada,8
herbicide,8
pet,9
computer,8
whitewash,8
eddies,8
instal,8
oxtail,11
skillet,8
more,12
gela,11
hellman,13
defense,8
osaka,8
ivory,8
mdtdbltredxxl,8
tricolor,8
ind,8
brothers,8
divider,8
yank,8
lora,8
vitalism,8
baulk,8
fearless,8
rain,8
egging,8
ridged,8
fibracol,8
creole,8
hom,8
dolly,8
month,8
handsanitizer,8
distil,12
hum,8
novofine,8
arcadian,8
gems,8
bear,11
benzocaine,8
fieldstone,8
wanderguards,8
dissolvable,7
papertowel,7
skimpy,7
arrests,7
hr,7
tao,10
che,7
pringle,10
earldom,7
jar,7
snaps,7
ref,9
hunts,7
thin,7
sidewinders,7
yello,7
single,7
wicks,7
knuckle,7
curtains,7
milano,8
cum,9
disinfecting,7
dreamed,7
express,8
dermasyn,7
defile,7
sniffers,7
vent,7
stripping,7
waxed,7
sensation,7
rom,7
glucometer,7
dailies,7
braden,7
dusters,7
caudillo,7
mental,10
pas,7
toms,7
layout,9
park,7
palmolive,7
watermen,13
omer,8
bout,8
sword,7
wrinkle,7
caterwrap,7
qt,7
huckleberry,7
asperflex,7
disposal,7
coffeemate,7
mate,8
geritussin,7
turmeric,7
hospital,7
zest,13
weighted,7
united,8
star,7
maneka,7
hibiclen,7
chimichanga,7
dishmachine,7
tubers,9
farr,7
notts,7
stood,7
what,7
room,7
chills,7
reflection,7
celeste,7
riot,7
dale,7
letts,12
nicoderm,7
centerpull,7
pi,7
watch,7
add,14
hey,7
comital,7
emergency,7
rollin,7
ker,7
heritage,7
everything,7
faux,7
genteel,8
arginaide,7
otis,7
niall,7
cupcakes,7
cpr,7
bund,8
erasers,7
barramundi,7
phosnak,7
expanding,7
phil,7
g,7
gone,7
profit,9
crock,7
york,7
refills,7
copypaper,7
lotrimin,7
papers,8
ends,8
posey,7
toss,7
antidiarrheal,7
build,9
concentrators,7
char,11
clearly,7
deep,7
sodas,7
whites,7
academia,7
pre-cooked,7
peleverus,7
heater,7
fridge,9
colossal,7
epicene,7
breads,7
rangoon,7
foyer,7
sombre,7
fortified,7
lighter,7
defender,7
transfer,7
playmates,7
foodservice,7
seasonings,7
rel,7
belfry,7
lovat,7
reddish,7
magnetic,7
clr,7
mozart,10
art,13
helium,7
gin,7
shoreline,7
reddy,12
reds,7
cast,7
plunger,7
nosey,7
fischer,7
l,7
advanced,7
ointments,7
stripes,7
cooler,8
physicians,7
por,7
calender,7
orwell,7
don,7
campbell,7
anchors,7
sleeved,7
perdita,8
clearing,7
business,7
coins,6
slot,6
ultrasite,6
leave,6
brake,6
alaska,6
j,6
seasonal,6
badger,6
dozy,6
menu,9
heelmedix,6
cottonelle,6
magnet,6
rant,6
hosni,6
mushy,6
mileage,6
gotta,6
blondie,6
resolve,6
full,6
rsvp,6
cleaning,6
y,6
euric,6
grabber,6
degree,8
albumin,6
thicker,7
arcadia,6
culture,8
grandmas,6
hipsters,6
tnc,6
soybean,6
constant,6
hinges,6
controls,6
almondine,6
humidification,6
had,9
external,6
mosaic,6
capitol,6
greaselift,6
concern,7
celluvisc,6
mph,9
peeler,6
ns,6
ledger,6
radios,6
sq,6
pre-war,6
palette,7
elongated,6
ketotifen,6
hoping,6
boule,6
buffalo,6
stone,6
decongestant,6
speckled,10
sorter,6
knot,6
elemental,6
vines,6
sriracha,6
tomatillo,6
cca,6
folding,6
dirty,6
lens,8
fc,7
growers,6
bubble,6
brunswick,6
lister,6
smokes,6
health,6
sink,6
cheer,8
combine,6
casters,6
compare,6
perrier,6
elf,6
cabbages,6
thi,6
dc,6
stallions,6
duct,6
mdhdiswater,6
rimini,6
replacement,6
tru,6
fax,6
saucers,6
doggie,6
pommel,7
bone,6
kellogg,7
sugared,6
accent,6
fitultraxl,6
strong,7
wat,6
riches,6
station,9
cinema,6
gaitbelt,6
dermarain,6
bass,6
respect,9
pier,6
fresco,7
sharpener,6
sanitisers,6
dominoes,7
putty,6
purity,7
device,6
rdi,6
buckey,6
lump,8
hhwshg,6
crabmeat,6
dishwashing,6
sunrise,9
julienne,6
sou,6
dermafoam,6
stable,6
dermasarra,6
quid,11
shiite,6
yes,7
radicchio,6
balance,6
adaptor,6
polyethy,6
wool,6
tails,6
alison,6
handles,6
mars,6
ultrasoftplus,6
stir-fry,6
frost,6
saint,6
hanger,6
manic,10
optimal,6
tuff,6
drive,6
scent,6
replicate,6
energy,7
plums,6
zipper,6
canary,6
aire,6
trivia,6
doug,6
buddies,6
rivette,7
roulade,8
dandruff,6
bee,6
hooks,6
economy,6
br,9
brisk,7
imperial,6
jacket,6
spec,9
replete,6
tongs,6
tippers,6
butte,6
mauve,6
hcs,7
washclothe,6
anchovies,9
span,7
smear,7
genius,6
chai,6
shc,6
nappy,6
fitplus,6
such,6
reeves,6
bisquick,6
unisex,6
el,8
famous,8
foot,6
avens,6
nested,6
spreads,6
turkeys,6
greene,6
tranquility,6
yeasty,6
lactate,7
ii,6
braunschweiger,6
trashbags,6
quesadilla,6
diamine,6
bp,6
crowns,6
extender,6
fantasy,6
adh,6
angle,6
washer,8
ammonium,11
arse,6
acrylic,7
magellan,6
prob,6
coleman,6
shoestring,6
molten,10
algisite,6
labeled,6
aladdin,6
ayr,6
lorne,6
news,7
applebaum,6
oxiclean,6
tetrazzini,6
jo,6
chutney,6
poles,6
listening,6
ferret,6
pectoral,6
burnishing,6
md,6
enliven,6
align,5
gemmell,5
lactinex,5
mil,5
carole,5
taquitos,5
coles,9
sugar-free,5
impact,5
shoehorn,5
breathable,6
fagin,5
greyer,5
decrease,6
colouring,5
airport,5
povidone,5
cortina,5
nip,5
verts,5
huber,5
readyflush,5
ashi,5
oops,5
hon,5
cove,5
salted,5
baxter,5
lavender,6
avert,5
maggie,7
calmoseptin,5
quickblend,5
keebler,5
beano,5
flapper,5
cutting,7
matt,7
rai,5
pager,5
allspice,5
kern,5
fact,5
hellenes,5
lettuces,8
finale,5
ec,5
fashion,6
wand,5
abc,5
orne,5
oval,5
skewers,5
swift,5
tablecloth,5
tong,5
lim,5
cashews,5
cutler,5
choice,5
chickpeas,5
application,5
resting,5
com,5
domino,5
manche,5
any,5
grin,5
sauter,5
touch,10
anchor,6
were,6
valves,5
phillip,5
colas,5
romano,5
electrode,5
ic,5
depot,5
ble,5
kie,5
yfwswch,5
bismarck,6
glen,5
gain,8
jim,7
phos,5
fitplusm,5
barn,5
terbinafine,5
spectrum,5
glory,6
bite,5
ras,5
rtd,5
merited,5
knackwurst,5
there,7
omnifix,5
seen,10
outfit,5
sensor,5
striploin,5
compleat,5
rubbermaid,5
coldwatch,5
elite,9
lucky,5
niro,5
who,6
grout,5
glide,5
mediterranean,6
blind,7
strange,7
monkey,5
elvira,5
morin,5
toshio,5
consultation,5
bible,6
dusted,5
toaster,5
fitextrasm,5
lynch,5
ranchers,5
fet,5
first,7
cet,5
munches,5
argo,5
register,5
forces,8
domes,5
microphone,5
lure,5
cele,5
lol,5
scalpel,5
printing,5
sidelined,5
accutech,5
dani,5
shredder,5
crusts,5
brooch,5
stage,5
cloves,5
pauline,5
pimientos,5
brochure,5
erm,13
beige,6
flag,6
truth,5
bedspreads,5
chart,9
baribriefs,5
slapstick,5
intake,5
cae,5
yrs,5
royale,5
slotted,5
cresson,5
chris,5
motorola,5
burst,5
tracheostomy,5
hazel,5
grip,5
beater,5
pina,5
flushes,5
tangled,5
chefs,5
amiss,5
soluble,9
castrate,5
clove,5
dialysis,5
autosheild,5
dermarite,5
pipe,5
usp,5
gluconavii,5
fear,5
ginge,5
threeflex,5
fitbasicl,5
monoject,5
ici,9
poppyseed,5
velocity,5
qpr,5
notepad,5
chewy,5
going,6
soul,9
frankfurt,6
savory,5
acticoat,5
footie,5
gon,6
lar,5
stressed,5
peg,5
fontana,5
charbroil,5
ita,5
synthetic,5
fiberlax,5
transport,5
hats,5
comment,5
cheddarwurst,5
grahame,5
msc,5
graphite,5
pomegranate,5
might,5
masha,6
scrubs,5
cafe,5
respiratory,5
recloseable,5
deny,5
saviour,5
sanihands,5
compressor,5
pillsbury,5
hunt,6
date,6
cobain,5
premium,5
tostitos,5
patina,5
vegelene,5
tubular,5
backs,5
does,5
while,5
acet,10
cub,5
binary,5
slab,5
nona,5
bogies,5
bond,5
biofreez,5
rectal,6
semi,5
flame,5
overlay,5
utensils,5
tram,5
chestnuts,5
adherent,5
works,5
assert,5
philip,5
phenylephrine,5
curd,5
shipping,5
flute,5
monster,10
guy,8
scoops,5
ju,5
orage,5
tropics,5
proxy,5
flip,5
porta,5
bedspread,5
om,5
toril,5
cscbnswp,5
tops,5
electric,5
ter,5
chlorophyll,5
utiheal,5
fait,5
unbleached,6
bloody,5
womens,5
sec,4
towers,4
forster,4
dual,6
suppress,4
nucella,4
uric,4
golf,4
heels,6
bnl,4
sri,10
tamar,7
without,4
set-up,4
spotter,4
ibupro,4
manual,4
smoker,4
curl,4
busters,4
toil,4
kr,4
rts,4
vitaloxide,4
fitrestorelg,4
sport,6
skinprep,4
ritefix,4
cry,10
sm,4
empress,4
summary,4
fitrestoremd,4
vitale,4
bias,10
visconti,4
fluorescent,4
pace,4
curly,5
hydrocellular,4
april,7
apart,4
hydralock,4
rash,4
hospice,4
abductor,4
bolero,4
barb,4
sheepskin,4
pig,4
salter,4
useless,4
so,4
sh,4
stra,4
flood,4
mixes,4
expiry,4
bel,4
benadryll,4
satay,4
tests,4
hogg,4
steakburger,4
uwblg,4
diverse,4
spatula,4
feel,4
alpha,4
biscayne,4
merit,7
foramen,4
shak,4
folds,4
tennis,4
nephrite,4
state,4
dermakleen,4
nightstand,4
edwards,4
eyes,4
kaltostat,4
soups,4
rustic,4
pineal,4
ceaseless,4
nat,4
nonsleevel,4
caring,4
omron,4
maggi,4
venturi,4
unit,6
editor,4
towle,4
cit,4
thicket,4
italia,5
alcor,5
garb,4
eyebrows,4
supra,4
jolly,4
bud,4
jockey,4
vol,4
cats,4
vermicelli,4
smooth,5
moisturising,5
lamp,4
fri,4
irr,6
knapsack,4
marge,4
nitric,4
baseboard,4
rests,4
guaifen,4
hold,6
reyes,4
davids,4
panetta,4
rivoli,4
gripper,4
sunsets,4
silverberg,4
stratus,4
circuit,4
rock,4
blea,4
sports,7
ichor,4
narrow,4
various,4
cannister,4
molars,4
platter,4
shop,5
prints,4
hushpuppys,4
neck,4
deter,6
urethra,4
centrality,4
filing,4
scrubbed,6
mbo,4
nasacort,4
min,4
lop,4
six,9
gen,4
skinsleeve,4
seal,4
tubes,4
pangasis,4
rust,5
android,4
wavy,4
rubbed,6
culinary,4
ripple,4
bas,4
pops,6
bakery,4
lubriderm,4
epc,4
stealth,4
expose,4
rootbeer,4
blonde,5
mex,4
uwbmd,4
bead,4
silage,4
diabetes,4
quartered,4
castelli,4
bamboo,4
lurex,4
clog,4
drums,8
mary,4
picc,4
propionate,4
setup,7
wedged,4
tower,4
champagne,4
dermadaily,4
tow,4
southwest,4
gyros,4
cartons,4
process,4
below,4
tetra,4
assist,4
talkie,4
recluse,4
baguettes,4
stain,4
landing,4
stockinette,4
leonard,4
shakers,5
inkwell,4
p,4
exit,4
cor,5
endive,4
macro,4
hd,4
nanaimo,4
carts,4
klondike,4
vanishpoint,4
protect,5
amd,4
compound,4
coarse,4
bolster,4
sparkle,5
diabetasource,4
calibrate,4
scrubbers,4
tiger,4
minors,4
healthguard,4
melanie,4
nonsleevetsm,4
journal,4
diamond,5
canine,4
stallion,4
unbreakable,4
lanyard,4
omepraz,4
simplon,4
bright,4
dyed,4
bou,4
robust,4
asda,4
sprayers,4
kenwood,4
tapes,4
glossy,4
trad,4
banquet,4
orchids,4
compere,4
liu,4
skittles,4
israeli,4
lighters,4
cru,4
eggrolls,4
oates,4
locate,7
chest,4
scale,5
tum,4
cala,8
drawsheets,4
amp,4
mira,4
commodes,4
sections,4
jahanara,4
behavior,4
trumbo,4
connelly,4
robben,4
raven,4
malta,4
pumice,5
stove,4
brakebush,4
hebert,4
scotts,4
bungalow,4
medicated,4
women,4
keys,4
frills,4
lanc,4
nebulae,4
turbo,4
gui,4
fashioned,4
galore,4
gibb,4
shavers,4
kobe,4
painters,4
assortment,4
fluid,4
addipaks,4
neosporin,4
del,7
breadstic,4
towns,4
davis,4
cass,4
view,4
setopress,4
flats,4
bal,4
extrasorb,4
velcro,4
virasept,4
restorative,5
chemical,4
very,12
olivine,4
infection,4
driscoll,7
lin,4
seg,4
imax,4
verutpbgs,4
fitplusr,4
cello,7
lebanon,4
lyon,4
stereos,4
thai,4
thermo,4
tdr,4
testing,4
aquino,4
burg,4
hammer,4
vivonex,4
drapes,4
dolomite,4
animals,6
blossom,4
camrose,4
veraseptine,4
tilda,4
bernie,4
tiny,4
shelving,4
speedstick,4
fleets,4
oslo,4
mount,4
ext,4
maryland,4
broken,4
urea,4
reinforcers,4
number,4
cardinal,4
speck,4
tuscany,4
lescun,4
coca-cola,4
grievance,4
scotia,4
wales,4
pumps,5
polo,5
lobe,4
rego,4
loaded,4
dipping,4
late,4
balloons,4
marshall,4
pull-ups,4
speedwell,4
stockings,4
hawaii,6
runs,4
critical,4
novo,5
cater,4
sandwiched,4
stella,4
siltussin,4
vita,4
yolks,4
command,4
tam,4
clasp,4
melamine,4
tore,4
granules,4
stucco,4
kansas,4
beyond,3
perigiene,3
bacterial,3
mup,3
hoary,3
autocover,3
le,4
data,4
salas,4
fitrestorexlg,3
pioneer,3
glucocard,3
adcc,3
cetin,3
wipers,3
johns,3
enteric,3
timemist,3
chickens,3
click,3
flax,3
shelve,3
browned,3
frances,3
tequila,3
arcade,4
miscast,3
lion,3
swa,3
puck,3
confer,3
concur,3
fife,3
readybath,3
vanity,3
sep,3
spillproof,3
marinade,5
sandy,4
condom,6
crumbled,3
ther,3
bulletin,3
belongings,5
keir,3
enluxtra,3
toppings,3
solidified,3
hidden,3
needled,3
reached,3
interact,3
highland,3
quail,3
din,3
surgilast,3
tac,3
floral,3
wishes,3
twizzle,4
mud,3
kinesiotape,3
willowy,3
pebble,3
treatment,3
nutrasheild,3
tir,3
acts,3
gingersnap,3
ingli,3
rulers,3
momentary,3
skip,3
pomade,3
sop,3
pebbles,3
pasteur,5
hunter,3
aspartame,3
isabel,3
prost,5
ant,3
reclining,3
gun,3
carbon,4
mail,3
pediasure,3
polishing,3
cobble,3
greasecutter,3
pendants,3
administration,3
speaking,3
hmi,3
imi,3
panel,3
bismoline,3
left,4
cclgf,3
true,3
liquids,3
bishop,7
found,3
mccain,4
browne,3
handheld,3
nylon,3
alpine,3
propping,3
dishwater,3
quad,3
lost,3
dulcie,3
chd,3
income,3
freshwater,3
calendars,3
antigua,3
ultrasoftnorm,3
starbuck,4
chums,3
pullen,3
rely,3
jambalaya,3
guinness,3
raise,6
pp,3
plan,3
goldenrod,3
shopper,6
medallions,3
lachydrin,3
epsom,3
morelli,3
citrucel,3
retook,3
cured,4
uwbxl,3
laguna,3
knit,4
medicaid,3
plateguard,3
mess,5
heeling,3
pil,3
kut,3
evercrisp,3
sanicloths,3
lithium,3
preserved,3
singlefold,3
nor,4
avila,3
jal,3
uncle,3
berks,3
tenderloins,3
headstart,3
spicy,3
mic,3
cleanup,3
glc,4
cheesecakes,4
mariner,6
scuffles,4
morton,3
assignment,3
blackening,3
passion,3
dan,3
florastore,3
risk,3
flexi,3
arch,3
visit,3
huge,3
lemoncello,3
lassie,3
kentucky,3
pacs,3
roman,6
cr,3
poor,4
pk,3
tomatillos,3
tatar,3
mopeds,3
hal,5
jiffy,3
loi,3
amlactin,3
sample,3
bermuda,3
premise,3
plac,3
fullback,3
al,3
gibbs,3
quilt,3
lotus,3
unhcr,3
cannelloni,3
derby,3
sa,3
uwbxxl,3
handtowels,3
gaitbelts,3
underclass,3
grass,5
recycled,3
penguin,3
mightyshake,3
dermadress,3
tablecloths,3
cantaloupes,3
pedialyte,3
otc,3
mk,3
buttered,3
prose,4
parisian,3
sweeten,3
ibc,3
million,3
whit,3
burr,5
win,8
beto,3
rules,3
watermelons,3
article,3
meatless,3
welchallyn,3
put,9
right,3
oui,3
gunships,3
nose,3
offcut,3
frame,4
dispensers,3
lap,3
closer,3
laski,3
salads,3
roll-up,3
virgin,3
list,4
pieced,3
michell,3
cl,3
pic,3
planet,3
topped,3
evaluation,3
ranger,3
rc,3
belly,3
rg,3
hydrofoil,3
twister,3
antidiarrhea,3
adapters,3
propel,5
eight,3
barbaric,4
garman,3
pappardelle,3
dermasaver,3
packed,3
greg,4
resistance,3
ph,3
cable,3
trauma,3
also,3
bouillon,4
shot,3
tutor,3
deodorizer,3
spam,3
aquaphilic,3
lambs,3
gritted,3
swabsticks,3
charms,3
bsl,3
calorie,3
alphabet,3
nantucket,3
barry,4
korean,3
boosted,3
rosser,3
packaging,3
musing,3
nutritious,3
charger,3
tornado,3
pennant,3
grant,5
reports,3
cyan,3
foiled,3
debbie,3
eno,3
flowers,3
shapes,3
clementine,5
composition,3
pcs,3
sunscreen,3
ida,5
thumb,5
tring,3
certavite,3
liquacel,3
lido,4
methanol,4
surf,4
multimix,3
mens,3
submarine,3
flak,3
prim,3
attends,3
yelled,3
asadero,3
climate,3
bingo,4
vane,3
cscbnsap,3
newt,3
mountie,3
tincture,3
palmer,4
sterigear,3
wow,6
tweezers,4
cactus,3
rocker,3
scandic,3
expansion,3
amanda,3
cheesed,3
facilipro,3
prosecute,3
diabetic,4
buttercream,6
as,3
vanish,3
goof,3
ream,3
comprilan,3
silvered,3
crash,3
meals,3
fixture,3
redwood,3
loc,3
curds,3
wiener,3
bins,3
sterling,3
reflex,3
parkes,3
entertainment,3
fiji,4
enzymatic,3
kids,3
polyethe,3
sunfish,3
sheila,4
fly,5
segments,3
tg,3
boom,3
gooseneck,3
denyer,3
nadia,3
edible,3
manilla,3
lateral,3
crescent,3
spotbuster,3
kala,4
yak,4
cra,3
shreds,3
scottfold,3
sca,3
ny,3
meri,3
bison,3
aspire,5
coricidin,3
suzanne,3
triggers,3
caterwraps,3
flora,5
marjoram,3
nails,3
monogram,3
mas,3
coffees,3
cozy,3
spong,3
city,4
fingerings,3
commercial,3
locks,3
pulp,3
napping,3
transmitters,3
excedrin,3
doubler,3
holland,3
bangers,3
medallion,3
omelettes,6
farm,3
precise,3
ratagan,3
east,4
school,3
nephew,3
sealer,3
select,3
detain,3
foster,3
quarry,3
standby,3
sma,3
early,3
cashguard,3
cure,3
fury,3
hope,3
marinello,3
task,3
loz,3
cute,3
hams,3
conform,4
smokers,4
granite,4
chopper,3
pool,4
jersey,4
camelot,3
wave,3
vail,3
record,3
attendant,3
skis,3
bullseye,3
tack,3
trident,3
beds,3
milky,3
ami,3
akin,3
cobblers,3
nitrate,4
microklenz,3
pursuit,3
oi,3
ears,3
ff,3
skills,3
lubriskin,3
froze,3
lanolin,3
lacroix,3
grate,5
teodor,3
amen,3
hipster,3
confetti,3
gordian,3
fastener,3
hydra,3
ada,3
vertical,3
parked,3
are,7
tortillini,3
gorilla,3
ultrasoftbari,3
toa,3
margin,4
flo,3
caviwipe,3
unc,3
maui,3
benson,3
decanter,3
drape,3
usb,3
edema,3
nonsleeves,3
afro,3
cranmer,3
metalsafe,3
sake,4
stocking,3
impulse,3
sod,3
heinz,3
nine,3
colette,3
weight,3
kaye,3
motor,3
fiberstat,3
kimberlite,3
martin,3
vigorous,3
holes,3
gv,3
alicia,3
garnish,3
pathways,3
shanks,3
lotions,3
fil,3
rec,3
signal,3
heparin,3
lor,5
drakes,3
organic,3
dum,3
appetites,3
madonna,4
vegetal,4
direct,3
piggy,3
welcome,3
dura,3
creams,3
manorcare,3
grande,3
admin,3
lavatory,3
screw,3
lope,3
petrol,3
ciel,3
lingered,3
tenor,3
calazyme,3
metaphor,3
mine,4
avon,3
glow,5
arrow,3
circles,3
larger,3
antirollback,3
laid,3
clamshell,3
temper,3
butts,3
granule,3
sunk,3
flashed,3
sliver,3
advance,3
pail,3
ca,3
franke,3
kc,3
bolsters,3
arc,4
aspercreame,3
acidophillus,3
sweets,3
monsoon,3
un,3
digested,3
cris,3
chill,2
stops,2
chime,2
fundamentals,4
frames,2
brand,2
lipbalm,2
tumble,3
calls,2
tangles,2
receptacle,2
papaya,2
fer,2
empanadas,2
pullmans,2
sos,2
pleural,2
laptop,2
augustin,2
eyelid,2
speakers,2
shack,2
bucko,2
gm,2
masada,2
aegis,2
probecovers,2
roped,2
hq,2
shields,3
ecl,2
kant,2
modalities,2
logan,2
tamer,2
entries,2
detriment,2
none,3
barrie,2
steakeze,2
logo,2
want,2
infrared,2
certification,3
slope,3
polka,2
steamship,2
tracking,2
hearty,2
lice,2
mince,2
buttery,2
penn,2
crisps,3
brockett,2
fob,2
madly,2
noon,2
pl,2
tel,4
espresso,2
trough,2
disinfect,2
dermacea,2
gauges,2
wrinkles,2
electrical,2
median,2
fitplusxx,2
sunlight,2
al-amin,2
canines,2
hoffmaster,2
mphstside,2
marginalia,2
fight,2
real,2
evans,2
identification,2
blondes,2
burnt,2
mostaccioli,2
boy,2
maintenance,2
caramelicious,2
figaro,4
pails,2
hin,2
nutrishield,2
ori,2
hck,2
nonni,2
fanfare,2
dcs,2
airlift,2
roasts,2
tootsie,2
healthy,2
sustained,2
numerate,2
sanitary,3
zeros,2
wasp,2
grenadine,4
cuppa,2
xtrasorb,2
sunglasses,2
bleak,2
continual,2
homage,2
ethanol,2
nightstands,2
bluff,2
pits,2
encina,2
andes,2
tartlets,3
interdisciplinary,2
dgh,2
contained,2
detergents,2
sanitation,2
verdi,2
regulators,2
completes,2
closures,2
sixfold,2
less,2
aus,2
learned,2
permit,2
cars,2
surprise,2
munich,2
papertape,2
medal,7
es,2
spry,2
whi,2
boats,2
fitultral,2
gurney,2
flooring,2
annie,2
immunization,2
gels,2
sandi,2
apter,2
cargo,2
magna,2
molly,2
krypton,2
sound,3
nonrebreather,2
cholecalciferol,2
lord,2
teriyaky,2
kinetic,2
enchilida,2
vitals,2
scraper,2
junior,2
zapper,2
mega,2
elevate,2
guardian,2
safclens,2
gallons,2
lucero,2
chewables,2
mirror,2
rag,2
bomb,3
bunhamburger,2
twins,2
gaul,2
waldorf,2
foamy,2
marco,2
hus,2
nephrostomy,2
zen,2
diane,2
sprayer,2
delta,2
clem,2
bator,2
sliding,2
jif,2
alimentum,2
cannonball,2
vitality,4
medisense,2
monte,2
entry,3
stylus,2
parkers,2
surpass,2
lot,3
gaze,3
pa,2
astrobright,2
comforter,2
wristband,3
pumpernickel,2
casio,2
leads,2
roadworks,2
oxymetazolone,2
murrays,2
fore,2
silverhill,2
unsliced,2
measures,2
ruth,3
skipjack,2
perm,2
padfolio,2
tangerine,3
display,2
ramekins,2
ryman,2
goggles,2
hud,2
absorb,3
hcl,2
faldo,2
times,2
fully,2
enable,2
bilberry,2
tapie,2
stickiest,2
tucks,2
mood,2
non-adherent,2
algeria,2
weekly,3
soften,2
nepal,2
pulling,2
volume,2
magazine,4
isle,2
marbled,2
crisper,2
reflux,2
peppercorns,2
bases,2
diarrhoea,2
edibowl,2
mandispw,2
bouquet,2
prey,2
valencia,2
res,2
entrails,2
compress,2
shabby,2
deb,2
argument,2
fusil,2
hvs,2
coagucheck,2
carrington,2
go,3
plaid,2
tangle,2
chon,2
hydrocor,2
bk,2
mill,2
quatsafe,2
yr,2
biofrezze,2
gift,2
redburn,2
killas,2
pikes,2
creed,2
pangasious,2
degrees,3
scratch,2
tendered,3
pummel,2
ppr,2
murphy,3
swd,2
na,2
pilgrim,2
meta,2
fruity,2
stabilization,2
lined,2
stay,3
comprifoam,2
resources,3
hydrocollator,2
eritrea,2
shopping,2
dysphagia,2
mir,2
defenders,2
wrench,2
brilliant,2
gum,2
cf,5
multivite,3
acidic,2
cape,2
acas,2
simple,2
serial,2
ltr,2
carved,2
struck,2
bunn,2
antimicro,2
wrenches,2
snickerdoodles,2
checked,2
combination,2
taleggio,2
ski,2
hibiclean,2
arnold,3
ars,2
philips,2
bastard,2
waste,2
seth,2
alb,2
mixing,2
happy,2
laxatives,2
toileting,2
barthes,2
strength,2
washing,3
destined,2
buckle,2
royline,2
digiclean,2
reprocessed,2
bail,2
glides,2
hamper,2
dignity,2
laminin,2
feet,2
arafat,2
btr,2
cava,2
chinese,2
pld,2
tubigrips,2
pizzas,2
beefpatty,2
embolism,2
spred,2
mote,2
observation,2
arg,2
listen,2
lard,2
lingonberry,2
exhaust,2
herded,2
killer,2
gym,2
hippremiummh,2
tote,2
continue,2
cleans,2
roommate,2
dukes,2
covidien,2
spout,2
thermovent,2
hood,2
albondigas,2
sta,2
composite,2
custom,2
watt,2
derive,2
caffeine,2
dicken,2
controlled,2
bismatrol,2
sacco,2
fans,2
ex,3
soaps,2
salim,2
dom,2
wester,2
mass,2
physical,2
horns,2
manliness,2
teapot,2
lobby,2
lil,2
isis,2
famotadine,2
lustre,2
briquettes,2
safeguard,2
durapore,2
splash,2
renault,2
butterbeans,2
not,4
bonnet,3
fitultram,2
sweeper,2
sheep,2
phillips,2
aims,2
lorraine,3
memo,2
crabs,2
bakes,2
buttons,2
us,5
thu,2
ultrasoftextr,2
nu,2
gruinard,2
breeders,2
signalling,2
sortkwik,2
sime,3
minute,2
prt,2
flange,2
lee,2
giblets,2
asphalt,2
pistachios,2
coated,2
fexofen,2
stonehouse,2
agnes,2
fellowes,2
quits,2
harmony,2
pod,2
ww,2
stud,2
fields,2
resuscitation,3
hardwood,3
captains,2
juicy,2
nonpbmsfk,2
sheds,2
standi,2
enjoy,3
nicol,2
spot,3
rochester,2
salame,2
hemoccult,2
filled,2
skinned,3
ian,3
scr,2
carn,2
sanity,4
fritatta,2
jerky,2
islands,2
awake,2
comfy,2
zing,2
wandergaurds,2
barbe,2
refer,2
moleskin,2
system,2
thrust,2
hooted,2
butterfill,2
famotidin,2
pint,2
peppermints,2
porcine,2
kind,3
sandstone,2
travel,3
cornell,2
ent,2
clothe,2
wedd,2
prepare,2
planters,2
intrusive,2
defined,2
wt,2
hazelnuts,2
sorta,2
tarte,2
surfburger,2
oppress,2
serving,2
coasters,2
inc,2
moral,2
mentle,2
insulation,2
shaver,2
amery,2
sac,2
opal,2
keeps,2
linear,2
peachy,2
malo,2
highbrow,2
gpc,2
charts,2
kets,2
sonoma,2
i,2
urban,2
cuffs,2
ultrasound,2
odorshield,2
pers,2
veteran,2
ferry,2
europe,3
see,4
swiftband,2
seasons,2
glutasolve,2
safari,2
plc,2
when,2
stirs,2
ultrasoftsu,2
talker,2
hex,2
soya,2
banger,2
density,2
mm,2
maltomeal,2
smartstar,2
gerber,2
graves,3
healthcare,2
provolon,2
wands,2
winners,2
insect,2
notepads,2
umbrella,2
brace,2
plug,2
designer,2
partitioned,2
whiting,2
hearing,3
gluncerna,2
rays,2
chloraseptic,2
overnight,2
itch,2
providing,2
totalbath,2
tama,2
nonwoven,2
fred,2
astro,2
cysts,2
tasty,2
portable,5
fix,2
waters,2
meglisorb,2
carrascent,2
tens,2
reinforcement,3
medicare,3
roa,2
amputee,2
miniature,2
anniversary,2
centravites,2
suretemp,2
miriam,2
defend,2
reynolds,2
floss,2
reserve,2
canale,2
amino,2
jacks,2
cobs,2
reflect,2
measurement,2
deck,2
xpress,2
anglers,2
parodies,2
f,3
orthosis,2
scanned,2
train,2
daisy,2
crap,2
parmigianino,2
cereals,2
bmk,2
julien,3
yucca,2
prn,2
cara,3
rotisseri,2
kiebasa,2
babycare,2
corunna,2
pos,2
morrell,2
faceshield,2
assurance,2
hhabspg,2
grounded,2
cokes,2
saber,2
getaway,2
bob,2
periprotect,2
duramark,2
ft,3
spine,2
bopper,2
ncp,2
melinda,2
processor,2
halls,2
fuse,2
eliminating,2
pigeon,2
islander,2
barratt,2
bucatini,2
murchie,2
crinkled,2
receipts,2
carb,2
len,2
torts,2
herbs,2
backing,4
at,3
silvakollagen,2
felling,2
mufti,2
antique,4
maddicott,2
ulcer,2
alternate,2
tomboy,2
utensil,2
unreal,2
tortellin,2
reduced,2
smelt,2
destroy,2
labs,2
junction,2
bc,2
spr,2
carib,5
pls,2
sold,4
moonlit,2
nogales,2
buckets,2
sideline,2
ibm,3
syston,3
calman,2
towelete,2
probecover,2
finisher,2
history,2
luigi,4
sl,2
lan,2
nonsleevetxl,2
individually,2
circling,2
tough,2
directive,2
fraiche,2
maxwell,2
libby,2
antigen,3
held,2
theratab,2
meters,2
roland,2
starter,2
caldesene,2
is,3
costing,2
sonic,2
padlock,2
tech,2
knock,4
spirit,2
carrie,3
appointment,3
loraine,2
churn,2
headset,2
oli,2
accordion,2
cabin,2
laserjet,2
conduct,2
orecchiette,2
sort,2
visitors,2
puncher,2
genoa,2
rats,2
trashing,2
claimed,2
craig,2
aides,2
angelsoft,2
waves,2
fitextra,2
rig,2
magi,2
sheaths,2
celant,2
stores,2
rca,2
ocnspry,2
mole,3
teds,2
fulton,2
support,2
talc,2
version,2
ma,2
slicer,2
clipped,2
redd,2
produce,2
craze,2
cordless,2
prop,2
reinforcer,2
racks,2
mw,2
pgc,2
keypad,2
monitors,2
hydragaurd,2
oxymizer,2
shoes,2
decrement,2
ventura,2
narcotic,2
dermavantage,2
nacro,2
roberta,2
frisbee,2
mouthpiece,2
poncho,2
canvas,2
desserts,2
chloraprep,2
partition,2
bleached,2
gout,2
management,2
nfi,2
carving,2
ce,2
kee,2
non-b,2
frier,2
reclined,2
tibet,3
minor,2
comm,2
condiment,2
endoderm,2
almost,2
malted,2
intermittent,2
rod,2
craft,2
decaffeinated,3
sud,2
bolts,2
iris,4
verde,2
milan,4
suntan,2
bones,2
nontbdenz,2
detail,2
lartin,2
blanks,2
alfred,3
honeywell,2
hagen,2
covaderm,2
monoxide,2
sofa,2
worksheet,2
infusion,2
millie,3
fliers,2
serenity,2
zoom,2
eddie,2
pec,2
moi,2
hcr,2
mammal,2
uni,2
kraus,2
probit,2
java,2
calizime,2
clore,2
aspen,2
aussie,2
stp,2
chatsworth,2
pontoons,2
xpressnap,2
girlie,2
starlight,2
lightly,2
abuelita,2
saver,2
glucernia,2
kilda,2
map,3
gelocast,2
vernons,2
ltd,3
premoistened,2
mott,2
lanaseptic,2
sparcreme,2
mildew,2
washnwalk,2
trapeze,2
prespotter,2
lyme,2
liberty,2
elim,2
boxed,2
shark,2
flown,2
mudd,2
nenna,2
silverstat,2
cv,2
walls,2
gentile,2
fitultra,2
painter,2
wandergard,2
ortega,2
cetrizine,2
headboard,2
pasty,2
hon.,2
cetaklenz,2
wind,2
notice,3
alina,2
cow,2
imaging,2
jams,2
cumming,2
steaming,2
quarterly,2
cbd,2
inaction,2
kernels,2
adapt,2
bnd,2
starkest,2
cattlemen,2
hoo,2
cid,2
retry,2
mitqsqsagc,2
frenchay,2
quantum,2
mopped,2
famine,3
beefy,2
rapid,2
lawn,2
mines,2
jumper,1
import,1
choir,1
sidacai,1
land,1
garde,1
activate,1
pele,1
dissolved,1
india,1
unwrapped,1
asepticare,1
value,2
tilamok,1
walkies,1
bella,1
logs,1
occasion,1
undergarment,1
finesse,1
rate,1
piz,1
provos,2
brummie,1
bevelled,1
smo,1
candidate,1
blender,2
bot,1
traycovers,1
ray,1
config,1
spade,1
completed,1
diphenhydr,1
vague,1
aquatic,1
teresa,1
vicki,1
lindberg,1
rubberband,1
vacuums,1
banks,1
bleaches,1
amigo,1
tuesday,1
earthchoice,1
neon,1
angina,1
ultraflsh,1
cherrywood,1
hrdbld,1
masses,1
fruitdish,1
tubs,1
bahamas,1
simethicon,1
oriented,1
entre,1
headphones,1
purasnow,1
tool,1
deer,1
crangrape,1
dam,1
risaquad,1
simplest,1
wacc,1
jas,1
heroin,1
briggs,1
cottee,1
precaution,1
encilada,1
made,1
honeyed,1
ho,1
royalbrite,1
cent,1
cylinder,1
coming,1
orangewood,1
oversize,1
frenchfries,1
zap,1
monday,2
drugs,2
dermaphar,1
clamps,1
alkali,1
input,1
jalal,1
magnacare,1
eyebrow,1
most,2
records,1
raquel,1
kate,1
emulsions,1
macao,1
skill,1
adagio,1
wife,1
babble,1
fab,1
tailspin,1
leglifter,1
antipasto,1
hydraphor,1
climb,1
fibrocol,1
lat,1
safetyglide,1
consume,2
slopes,1
capsule,1
shirts,2
maynard,1
tran,1
diabetishield,1
borders,1
goya,1
whittaker,1
entered,1
household,1
re-entry,1
decline,2
crem,1
marion,1
purify,1
basics,1
kiichi,1
mounting,1
selene,2
handsanitizers,1
wishbone,1
sancha,1
jimi,1
incident,1
camarena,1
pitched,1
mutt,1
blocked,1
fightback,2
rituals,1
softnfresh,1
met,1
brasso,1
party,1
omepresol,1
gauche,1
ultrasorbs,1
waterproof,1
trial,3
decor,1
jay,1
regaled,1
cheeseburger,1
powerstrip,1
crueller,1
blob,1
suggestion,1
mindful,1
christie,1
blossoms,1
diode,1
corky,1
showboat,1
chaser,1
glade,1
swag,1
tiramasu,1
freedom,1
ambit,1
marcel,1
ge,1
freshness,1
chessmen,1
vests,1
tonal,1
skincredbl,1
cheesy,1
scampi,1
jojo,1
prongs,1
extreme,1
mpg,1
isosourse,1
verity,1
seaweed,1
bcp,1
rail,2
myralax,1
goods,1
rev,1
sticklers,1
wear,1
kickable,1
classics,1
dynaflex,1
tangerines,1
ruled,2
poppers,1
mdc,2
whirlpool,1
mousepad,1
uns,1
semolina,1
burnished,1
waverly,1
beaters,1
staff,1
mckoy,1
gerichair,1
internet,1
doctors,1
endless,1
close,1
cpi,1
bizonal,1
mon,1
nipple,1
dz,1
warmer,1
tuc,1
spe,1
rooted,1
neutrashield,1
computers,1
come,1
tambourine,1
trimming,1
lorantadine,1
cappucc,1
logitech,1
second,2
reach,2
candelabra,1
chucked,2
bbivaluwhite,1
rutabager,1
microfridge,1
televisa,1
econogel,1
owed,1
cult,1
miller,1
bugs,1
live,1
sla,1
heartfelt,1
mdtdbltreadm,1
tarbuck,1
subba,2
manocotti,1
expand,2
william,1
hebrew,1
hydrocolloide,1
triangular,1
brusque,1
social,1
roadwork,1
sebe,1
cobol,1
marr,1
pene,1
softness,1
company,1
suave,1
pillcrusher,1
turning,1
portfolio,1
evaporate,1
college,2
allergies,1
lacey,1
scalpels,1
sack,1
alcohols,1
benedryle,1
pell,1
nac,1
glad,1
surcoats,1
cheeks,1
shl,1
piquillo,1
me,1
adsorb,2
fool,1
tied,1
autoclave,1
carthage,1
diphenhy,1
vntvppcsph,1
stabilizing,1
precision,1
tubifast,1
fac,1
btu,1
unpeeled,1
begin,1
hoover,1
hasp,2
saturday,1
security,1
refers,2
ppd,1
warfare,1
temple,1
world,1
alfalfa,1
memory,1
dearborn,1
tease,1
ulster,1
meclizi,1
boysenberry,1
cacciatore,1
gulden,1
tis,1
cglidepad,1
simplythick,1
supplyway,1
peril,1
maputo,1
o'brien,1
snglefold,1
rmi,1
muir,1
poppies,1
breaker,1
peptide,1
skittle,1
rivers,1
ferris,1
usa,2
wwf,1
washclother,1
ballcock,1
gevravite,1
needed,1
helpless,1
halcyon,1
baron,1
mdp,1
dollis,1
cher,1
mounted,1
cellocor,1
collared,1
tidal,2
permalux,1
amplify,1
borden,1
cantelaupe,1
nep,1
lecithin,1
majors,1
rollers,1
parried,1
sensations,1
namebadge,1
catch,1
reuben,1
contains,1
walking,1
hidrocerin,1
ovation,1
analgesic,1
conical,1
flexylite,1
hibiclense,1
degrade,1
rutabages,1
emerald,1
bandaged,1
moo,1
puddings,1
dock,1
devised,1
mandolin,2
yankauers,1
lines,1
plimsoll,1
salonpass,1
famotide,1
burke,1
inlaid,1
tt,1
enhanced,1
coasting,1
basis,2
ahi,1
hydrocollators,1
reynold,1
opthfoam,1
danie,1
renown,1
fasteners,1
forever,1
rancher,1
protection,1
roundabout,1
hibicleans,1
chromebook,1
hotpacks,1
prosper,1
rumble,1
seltzer,1
performance,1
grinder,1
adaptors,1
mn,1
unnarite,1
rails,1
webcol,1
petty,1
skewed,1
airliner,1
gherkins,1
maxine,1
ones,1
carpets,1
talkies,1
icon,1
powerpc,1
nippers,1
culottes,1
latent,1
cvp,1
wounds,1
charm,1
mp,1
mmm,1
thank,1
marissa,1
ralston,1
thinking,2
bariactric,1
scope,1
deodorants,1
russ,1
excellent,1
zapp,1
lucas,1
blackwells,1
heather,1
sanitizing,1
magenta,1
abuse,1
manukapli,1
ste,1
thanksgiving,1
unst,1
tonnage,1
vaccine,2
cilandro,1
collators,1
suc,1
schweppes,1
cfdwtrg,1
ego,2
charge,1
hunte,1
fantastical,1
shelves,2
prison,1
thursday,1
ribber,1
hydrocorti,1
bushes,1
horseman,1
immobilized,1
barra,1
mrtneli,1
january,1
sps,1
prevent,1
dia,1
wonderguards,1
aquaflo,1
mahoney,1
rhino,2
mannicotti,1
originate,1
salts,1
acidiphilus,1
duclos,1
calmoseptic,1
thistle,1
wallet,1
taters,1
humidity,2
pktframe,1
resealable,1
thaw,1
blakey,2
handsanatizer,1
polite,1
balloon,1
peptic,1
dawnmist,1
frosty,1
goodsense,1
takeaway,1
collapsible,1
knuckles,1
fisherman,1
tibi,1
chopsticks,1
roydtys,1
polysaccharide,1
ales,1
pierre,1
subject,1
rdm,1
petr,1
appleshare,1
stirred,1
ciccolini,1
loratadin,1
kreig,1
porto,1
antipersp,1
ram,1
hea,1
alf,2
nave,1
threshold,1
reseal,1
fitbasicm,1
nwfp,1
wolverines,1
aspeercreme,1
act,2
softer,2
final,1
nonsleevetlg,1
gn,1
hyfiber,1
adductor,1
aires,1
crayons,1
ways,1
storeroom,1
smartshape,1
celebrate,1
collett,1
glucogard,1
mccormick,1
revolt,1
deckchairs,1
calizim,1
fitultrar,1
edge,2
chocolates,1
whoopie,1
lollipop,1
ton,1
appliance,1
floorstripper,1
golds,1
names,1
generation,1
chimichurri,1
siegel,1
wallets,1
stimuli,1
pmr,1
mscadvfl,1
stations,1
bold,2
compost,1
dx,1
jewel,1
cllr,1
microguard,1
zippo,1
once,2
zrytec,1
peck,1
noddle,1
shortened,2
suggest,1
palomilla,1
sculpture,1
shingle,1
knew,1
tetragrip,1
antigens,1
popscicles,1
grille,1
nfs,1
obs,1
by,2
we,1
providence,1
lei,1
bagged,1
popping,1
kirby,1
mcintosh,1
hexagram,1
brulxxl,1
cri,1
applesacue,1
cetrozine,1
patriotic,1
year,1
headrail,1
balsa,1
arthritic,1
mds,1
louisiana,1
surepreps,1
moving,1
pressed,1
wire,1
bouncer,1
vindaloo,1
ultrafax,1
draft,2
tires,1
toni,1
salicylate,1
mongol,1
makers,1
snowflake,1
thresholds,1
cursaline,1
recycling,1
dispel,1
admits,1
pomarola,1
ringed,1
androids,1
calmospectine,1
inspection,1
torkadvanced,1
pdc,1
moderate,1
canis,1
hippremiumm,1
benecalori,1
sustain,1
draws,1
nav,1
plat,1
aura,1
purchase,1
isosouce,1
subs,1
primo,1
angels,1
bancroft,2
profile,1
throw,1
bizhub,1
bodyguard,1
sushi,1
bacteria,1
tiramusa,1
esteem,1
burge,1
dermasep,1
fpcsdtmbl,1
metamucile,1
auctioning,1
baileys,1
supplies,1
physio,1
ar,1
gochujang,1
elvis,1
caraway,1
dumb-bell,1
salonpaas,1
scot,1
pepsico,1
booty,1
stretchable,1
garland,1
overture,1
vented,1
probook,1
hartmann,1
biodegradable,1
doodle,1
cobra,1
bears,1
ceti,1
paring,1
munchskin,1
lea,1
topic,1
edam,1
wheels,1
icd,1
openers,1
switches,1
spun,1
tools,1
chesnut,1
seb,2
cuticerin,1
chateau,1
quiches,1
balmer,1
nct,1
conch,1
search,1
pedestal,1
buffa,1
guests,1
dinners,1
protesters,1
freezable,1
yakisob,1
dab,1
hbsag,1
ashes,1
vpobadger,1
mikes,1
efferent,1
posse,1
burn,1
breathing,1
marvalosa,1
camilla,1
puzzler,2
oh,1
imperfect,1
warm,1
mutton,1
enzykleen,1
slims,1
rudy,2
perimeter,1
tamarind,1
rubberbands,1
camera,1
braided,1
compressors,1
urological,1
sierra,1
exceed,1
results,1
playing,1
virginia,1
musselmans,1
traction,1
wonderguard,1
lace,2
hotpack,1
mtfs,1
nutt,1
belays,1
outright,1
ricoh,1
idol,1
dw,1
stickers,1
valence,1
greenway,1
jigsaw,1
waterpitcher,1
employment,1
parcel,1
stands,1
chiles,1
trees,1
wish,2
space,1
journals,1
peppery,1
uncrustables,1
rob,1
washclotes,1
sunset,1
yield,1
buffer,1
punches,1
non-elt,1
age,2
pecs,1
angiocath,1
unsolved,1
buss,1
turbinado,1
pruitthealth,1
ari,1
network,1
gro,1
florist,1
pucelle,1
occuvite,1
outside,1
quickables,1
luxury,1
majesty,1
asthma,1
doppler,1
uniform,1
danby,1
lifelike,1
ferric,1
dive,1
midget,1
patgownhea,1
pewter,1
reinforcements,1
gardettos,1
basatracin,1
chug,1
acetyl,1
showerheat,1
legged,1
ole,1
carefusion,1
gl,1
sbestcf,1
wonders,1
counter-top,1
spreader,1
rackcover,1
uff,1
timpani,1
metamuc,1
fre,1
bruce,1
bra,1
swivel,1
chews,1
dies,1
orchard,1
chromium,1
roux,1
lamps,1
avoid,1
posited,1
detainees,1
paperclip,1
carraklenz,1
grown,1
hoses,1
lever,1
metal,1
iii,1
innopak,1
microdata,1
carter,1
sends,1
pronounce,1
dazzle,1
devices,1
sent,1
science,1
cacti,1
products,1
weddell,1
zealand,1
grams,1
johnny,1
zita,1
eggbeater,1
pomiane,1
decaffei,1
tepilit,1
ladder,1
hampers,1
slp,1
tun,1
jerry,1
condensate,1
transplant,1
bene,1
glucometers,1
opticrom,1
lunchmeat,1
beurre,1
heelifts,1
ultrabulk,1
manacotti,1
carolina,1
chessboard,1
delicate,2
fem,1
canny,1
huns,1
formica,1
madness,1
deal,2
neuro,1
industrial,1
march,1
glyn,1
inter,1
hutch,1
midland,1
bowel,1
turnoff,1
mlkssv,1
platform,1
years,1
astrobrights,1
hydrophobic,1
revie,1
peron,1
ranges,1
dim,1
claws,1
oust,1
position,1
pearwood,1
duplex,1
simithicone,1
strayed,1
stack,1
hero,1
wins,1
ciliegene,1
sweetex,1
hunger,1
nit,1
rise,3
prolific,1
take,1
pike,1
samsung,1
laces,1
anomie,1
jobs,1
drafts,1
elimination,1
debris,1
reduce,1
ado,1
citracal,1
stays,2
benfica,1
steakburgers,1
prog,1
softy,1
mickey,1
jalapen,1
plural,1
supersoft,1
legered,1
cradle,1
vac,2
chunky,1
stars,1
evsdsmfb,1
outpost,1
gemini,1
whoo,1
savlon,1
probity,1
friday,1
rutabags,1
annan,1
cantoloupe,1
an,1
coq,1
joystick,1
trenches,1
sheathed,1
easel,1
fioxdent,1
airports,1
rubato,1
combustion,1
recipe,1
diesel,1
escape,1
osmilite,1
forbidden,1
marquis,1
concentrated,1
sro,1
clears,1
flappers,1
norther,1
neuroflex,1
mdsnotouch,1
machines,1
occusoft,1
enchilad,1
evsdstphstd,1
compared,1
replicators,1
veto,1
hirer,1
vial,1
kirkman,1
received,1
mea,1
prophase,1
breakup,1
sermon,1
urinalysis,1
nourishment,1
eschew,1
removers,1
cysteine,1
seatbelt,1
spiking,1
citation,1
cheers,1
blond,1
washed,1
tiramisue,1
rubbing,1
absence,1
layered,1
respray,1
driver,1
eruption,1
caucus,1
pacify,1
sandbags,1
penny,1
mcphotopaclip,1
musk,1
sconce,1
multifocal,1
op,1
creates,1
shotover,1
theater,1
testware,1
rind,1
cervical,1
travis,1
mounts,1
modified,1
speaker,1
wenches,1
multiplex,1
rip,1
silverwork,1
controller,1
roquefort,1
xs,1
mdtheatlabel,1
puffed,1
addis,1
maxima,1
pavillon,1
plungers,1
congestion,1
baribreifc,1
albon,1
starsuit,1
extended,1
raised,1
tortalini,1
satsuma,1
cubs,1
consults,1
scooters,1
ballpoint,1
stm,1
ea,1
cscontbrg,1
mad,1
aust,1
flshbl,1
duncan,1
cutters,1
rinsefree,1
bounceback,1
gre,1
bunyan,1
pigment,1
corniche,1
starburst,1
smiths,1
ang,1
ella,1
rappers,1
sons,1
sway,1
stan,1
spain,1
event,1
fallmats,1
everyday,1
shallow,1
mdtfallmatb,1
opthifoam,1
duroc,1
uncountable,1
mascara,2
doo,1
spat,1
buffered,1
acidophlus,1
derivative,1
bisocodyl,1
wiping,1
primaguard,1
brightened,1
vertex,1
swabcaps,1
vermont,1
sahlins,1
sputum,1
elopement,1
belgium,1
cust,1
shoelace,1
tritone,1
ticonderoga,1
flanks,1
could,1
lais,1
budd,1
showered,1
bladed,1
shy,2
booklet,1
engraving,1
many,1
clotrima,1
baroque,1
dct,1
optic,2
nonsleevets,1
scales,1
encompass,1
surplus,1
fcib,1
epsilon,1
attack,1
finnis,1
poop,1
raises,1
arizona,1
knob,1
soon as,1
aloevesta,1
beagle,1
jip,1
conrod,1
netchoice,1
hangar,2
deviant,1
blow,1
ship,1
pomodoraccio,1
dimenhydrinate,1
heron,1
tourniquet,1
bridging,1
sausalito,1
stenhouse,1
saw,1
hydrocollide,1
irina,1
grater,1
exec,1
cement,1
strings,2
contractor,1
baskets,1
dynashield,1
kerly,1
ncr,1
jalapenoes,1
grocery,1
pertain,1
lili,1
colony,1
polsby,1
bureaux,1
mediterr,1
cb,1
oils,1
airliners,1
thrifty,1
temperature,1
cpm,1
slr,1
play,1
dermagauze,1
tostitoes,1
antirollbacks,1
minutemen,1
pst,1
atomic,1
infinity,1
neptune,1
ashtray,1
cantaulope,1
brine,1
garvey,1
modudose,1
hervey,1
mdsbreathe,1
diligently,1
buxton,1
glassware,1
dermaleving,1
nowt,1
waco,1
boucher,1
autocue,1
wordstar,1
matte,1
kld,1
roach,1
easter,1
cano,1
chaos,1
octagon,1
coils,1
andrea,1
melting,1
roasting,1
artic,3
marainara,1
boar,1
dentures,1
nestles,1
winder,1
footboard,1
popper,1
too,1
jamaica,2
derail,1
tier,1
kielbalsa,1
thomas,1
heelwedge,1
lysine,1
floured,1
reflections,1
goats,1
lingua,1
udi,1
eps,1
traps,1
spunkmeyer,1
ro,1
watercolours,1
inservice,1
biofrezee,1
constanza,1
solaris,1
allergic,1
dame,1
mouses,1
meclinzine,1
senator,1
touches,1
mada,1
petal,1
emotions,1
terrie,1
performa,1
splitter,1
savoy,1
fergus,1
created,1
broadside,1
glucosmine,1
colombian,1
agent,1
fitultrasm,1
seru,1
int,1
critic,1
biofree,1
valley,1
imitate,1
upstate,1
scarf,1
nic,2
sparclean,1
saddlebag,1
milks,1
tribute,1
nsw,1
bitters,1
stake,1
coen,2
nr,1
blazes,1
childs,1
capsules,1
fremont,1
acidopholus,1
unbuckle,1
amplifier,1
fundamental,1
wi,1
sealed,1
resistant,1
separator,1
poodle,1
crow,1
dentifrice,1
lager,1
cavity,1
currant,1
ams,1
splits,1
bovine,1
zoe,1
gloss,1
johnson,1
little,1
turpin,1
rains,1
europol,1
splints,1
newman,1
damp,1
rf,1
denis,1
rodo,1
mscmldarmr,1
tampons,1
boardwalk,1
mariana,1
shah,1
pepita,1
purachol,1
mien,1
wabi,1
floated,1
cimetidine,1
underpadding,1
paraffin,1
harsh,1
toothed,2
ciders,1
pharmacy,1
fametadine,1
atrium,1
acini,1
batista,1
icapsol,1
mission,1
orcs,1
fm,1
fluidmaster,1
hygiene,1
bliss,1
omni,1
glucenra,1
cracked,1
sealers,1
rule,1
source,1
canteloup,1
reason,1
musee,1
bumper,1
essential,1
watergate,1
migraine,1
clods,1
provoke,2
pneumovax,1
olivers,1
stuffings,1
marenara,1
alta,1
oceanspray,1
urincheck,1
nontbden,1
undertakes,1
fitextram,1
frees,1
boudin,1
gummed,1
lalechera,1
ballpark,2
kal,1
manager,1
youth,1
diakon,1
kohler,1
namas,1
will,1
chalk,1
seedlings,1
waterhouse,1
coagucheks,1
barrios,1
pop-up,1
qui,1
cornea,1
gaterade,1
flav,1
turlis,1
told,2
gins,1
baggy,1
wandergaurd,1
dermasepti,1
wellness,1
sten,1
aerator,1
upholstery,1
odds,1
archer,1
employ,1
river,1
formulas,1
vega,1
cauteloupe,1
wrapping,1
silica,1
doubts,1
turner,1
florastar,1
coldest,1
liquitex,1
dover,1
quilted,1
portabellas,1
mates,1
canals,1
gregg,1
deosoft,1
papal,1
cowboy,1
mett,1
iraqi,1
naptastik,1
har,1
posit,1
miso,1
colon,1
kinesiology,1
osf,1
ngoc,1
steve,1
fomotidine,1
renaval,1
mimetic,1
should,1
soon,1
silvadene,1
prong,1
intrydry,1
bluetooth,1
royalpap,1
parson,1
flattened,1
tesco,1
national,1
bratwurs,1
tenderly,1
campbells,1
magnets,1
caddy,1
cer,1
dis,1
toiletpaper,1
catalans,1
enchilda,1
irregular,1
famatodine,1
broad,1
tipped,1
aim,1
shampoos,1
loss,1
runner,1
pulmacare,1
taxi,1
adami,1
ruse,1
bt,2
write,1
sector,1
stuck,1
camomile,1
maxim,1
vienne,1
marconi,1
halogen,1
hickory,1
adriatic,1
positioning,1
quintet,1
norm,1
carpi,1
mckellen,1
drake,1
hendry,1
processed,1
muslin,1
horoscopes,1
moth,1
stomach,1
psychoactive,1
vegas,1
goodness,1
lions,1
antelope,1
mdrahobt,1
curved,1
hume,1
restore,1
technologies,1
onedaily,1
numbers,1
superabsorbent,1
squats,1
clamp,1
hidrocelin,1
runway,1
trashcans,1
wes,1
nits,1
bur,1
riddles,1
britain,1
attend,1
shylock,1
carco,1
grannysmith,1
homeless,1
truck,1
marks,1
wheelock,1
prefix,1
mal,1
barbs,1
sperber,1
suffers,2
screwdriver,1
mobility,1
jamaican,1
tem,1
gerry,1
alumina,1
frog,1
ls,1
coaches,1
nodules,1
rancid,1
outlets,1
mexico,1
reliable,1
armrest,1
spotless,1
bind,1
mariniara,1
stairway,1
motion,1
coney,1
nailclippers,1
stacking,1
police,1
relating,1
ms,1
pseudo,1
dipper,1
schulstad,1
bromine,1
forehand,1
independence,1
them,2
tensogrip,1
ump,1
trashcan,1
dummett,1
hib,1
sangria,1
supplemental,1
motors,1
tostadas,1
dooley,1
lean,1
nitro,1
sopaipilla,1
hardware,1
pascal,1
trattoria,1
valentine,1
flapjack,1
corkscrew,1
sleep,1
deterrent,1
shade,1
holster,1
twocall,1
afrc,1
nikos,1
dermaklenze,1
ey,1
capt,1
cypa,1
savage,2
norton,1
her,2
confectionate,1
roe,1
flavourings,1
soiled,1
febres,1
scooter,1
grips,1
breathed,1
cushioned,1
ragu,1
meadow,1
dimitri,1
scrapers,1
belle,1
shaped,1
lt,1
pdf,1
proved,1
fiesole,1
atuosheild,1
coax,1
finite,1
pun,1
adding,1
froth,1
furnace,1
cultrelle,1
snuggled,1
pantliners,1
premia,1
images,1
collecting,1
goldman,1
microfridg,1
transferral,1
steady,1
hours,1
reflector,1
victory,1
pinned,1
ftc,1
amiens,1
hoa,1
fist,1
agitate,1
request,1
rakes,1
ducks,1
use,2
irons,1
fag,1
manifesto,1
dollar,1
abbott,1
baba,1
construction,1
ctl,1
core,1
stag,1
simon,1
cati,1
rea,1
beginnings,1
sloan,1
rubicon,1
sfa,1
similar,1
tight,1
mdtfallmatg,1
murano,1
tehiya,2
fractured,1
viking,1
seeded,1
thickness,1
biohazert,1
meats,1
postcards,1
sisters,1
jojjbip,1
enham,1
nopalitos,1
molas,1
mecdi,1
nachson,1
prise,1
infant,1
aer,1
condiments,1
arthur,1
achieve,1
bleachwipes,1
esp,1
tripp,1
floats,1
sw,1
dots,1
rasen,1
sans,1
bullock,1
otspkmy,1
nag,1
type,1
evancare,1
springs,1
normlgel,1
farms,1
allupak,1
intradry,1
folly,1
sanding,1
nourish,1
lumens,1
sg,1
perez,1
pcf,1
thickerener,1
zu,1
halos,1
wholesome,1
yard,1
compo,1
flashlight,1
hrd,1
blister,1
tanaka,1
icybay,1
hasbro,1
chloral,1
vending,1
diluted,1
douche,1
monk,1
lipid,1
torches,1
farmhouse,1
surewrap,1
mandru,1
veggies,1
sunbeam,1
traditional,1
poole,1
wack,1
my,1
based,2
sukarno,1
eggbeaters,1
ingredient,1
mavis,1
staffers,1
jd,1
mediseptic,1
uthman,1
nov,1
athens,1
ophthalmic,1
coagusense,1
greatshake,1
caniloupe,1
demand,1
spareribs,1
guiafenesin,1
agostino,1
plaice,1
sen,1
marx,1
mesoderm,1
waist,1
tina,1
vanguard,1
dining,1
shur,1
matting,1
sandbag,1
oct,1
clo,1
yay,1
deflector,1
stackable,1
metallic,1
dissolve,1
action,1
boa,1
drip,1
growing,1
pliers,1
package,1
spent,1
ambubags,1
glinting,1
cluster,1
suppose,1
cruiser,1
hem,1
costa,1
tajan,1
specie,1
market,1
elevating,1
tukey,1
wilma,1
stench,1
gastrostomy,1
deodorize,1
evolution,1
dragon,1
lactobicillus,1
lightbulbs,1
alaskan,1
tipper,1
separate,1
pitch,1
ridge,1
extractor,1
boboli,1
bile,1
klein,1
children,1
cavicide,1
uncurled,1
ambidextrous,1
stratosorb,1
straddle,1
acidolphilus,1
international,1
citivio,1
potassium,1
sprouted,1
tacos,1
harbor,1
scandinavia,1
copper,1
adjustable,1
pay,1
horizontal,1
schaffer,1
gmt,1
paddy,1
popsickle,1
antihistamine,1
toothetts,1
jazz,1
booted,1
caulilini,1
actuators,1
margarita,1
dippers,1
fe,1
liquishield,1
seller,1
tolnafate,1
crate,1
gizzard,1
maxie,1
petals,1
surgilube,1
hoff,1
zipseal,1
smiles,1
noise,1
pickling,1
banning,1
coverall,1
tortilini,1
polythene,1
literature,1
speedqueen,1
spinning,1
theraputty,1
pulls,1
handtowel,1
stems,1
gauge,1
rotting,1
poster,1
interim,1
consult,1
margaret,1
fridays,1
vary,1
boca,1
kk,1
tristar,1
antidiarehal,1
wildly,1
dusty,1
gluecerna,1
tartan,1
compartments,1
notch,1
primavera,1
rinsed,1
falcon,1
hodge,1
rug,2
lodestar,1
mailboxes,1
pipkin,1
casting,1
applesauces,1
mello,1
sweat,1
nonsleevelt,1
bird,2
sabervip,1
ratbag,1
spp,1
sylvanian,1
nepali,1
sheath,1
cantiloupe,1
dynjaahme,1
fitbasicr,1
ultipro,1
badly,1
offer,1
pepperoncinis,1
elmcroftseniorliving,1
caregivers,1
relies,1
dynjaahmes,1
benadrly,1
britta,1
cantloup,1
public,1
condoms,1
chol,1
tetley,1
butcher,1
npbmaxn,1
hypoallergenic,1
planners,1
npkc,1
nips,1
sats,1
ponchos,1
mabs,1
dates,1
gorgon,1
diphenhydramin,1
crisis,1
enver,1
evil,1
varied,1
multifoldtork,1
swinging,1
rosettes,1
triumph,1
mocks,1
insult,1
linde,1
riva,1
hone,1
coaguc,1
pop-art,1
zinfandel,1
ritual,1
why,1
poker,1
teabags,1
enzymes,1
varnishing,1
join,1
dms,1
parse,1
lab,1
cope,1
sarah,1
elegant,1
diphenhydraminetab,1
surrey,1
savers,1
costner,1
cartridges,1
hdtv,1
reform,1
dredge,1
smock,1
superabsorber,1
gigi,1
slop,1
liv,1
sham,1
ambubag,1
positive,1
nacl,1
enchilads,1
dummy,1
chaste,1
approved,1
linda,1
tutors,1
corbel,1
burnish,1
msg,1
mu,1
refreshed,1
parade,1
talent,1
rolling,1
emu,1
ymor,1
valutrode,1
armour,1
caf,1
usm,1
erie,1
drawsheet,1
intermatic,1
mg,1
pesce,1
usage,1
rand,1
winch,1
hidrofera,1
assured,1
pulsar,1
default,1
letratag,1
succumb,1
pebbled,1
that,1
eakins,1
largest,1
conduit,1
lifesaver,1
geriatrics,1
bolognese,1
smell,1
fi,1
goodies,1
pepperjack,1
lamina,1
fargo,1
professional,1
shaman,1
caked,1
koi,1
guaifenesis,1
prilesec,1
micky,1
thunder,1
enchilidas,1
wog,1
reclaim,1
garbanzos,1
listeners,1
trimmings,1
emerged,1
comfortpmx,1
residents,1
pva,1
garbonza,1
mittens,1
dnj,1
rechargeable,1
toi,1
dorian,1
page,1
powders,1
helmet,1
addipack,1
csa,1
drank,1
receptacles,1
magnum,1
exude,1
sweetheart,1
caster,1
peak,2
salen,1
lindbergh,1
glucosimine,1
antibiotics,1
wig,1
concave,1
lehmann,1
buenos,1
sat,1
certain,1
liquacell,1
fiestaware,1
vaccines,1
autodispb,1
vppcsp,1
lldpeclr,1
hydrophilic,1
extinguishers,1
fiberacol,1
howlett,1
sunda,1
kelbasa,1
pollok,1
century,2
gently,1
stabbed,1
separators,1
blends,1
mikrokill,1
emi,1
lemonlime,1
fleur,1
microburst,1
kundera,1
briar,1
fired,1
chp,1
masklin,1
smt,1
dravida,1
bad,1
digest,1
thy,1
bathgate,1
canneloni,1
viniferamine,1
gronberg,1
waschoth,1
sp,1
bisacody,1
relate,1
sharpwriter,1
oblong,1
breathcall,1
curturelle,1
eyewash,1
mono,1
darts,1
vegan,1
incredicrisp,1
belong,1
job,1
carrier,1
menil,1
binding,1
paws,1
anti-roll,1
gob,1
smite,1
anise,1
sgr,1
tirimisou,1
doc,1
car-wash,1
nonadhesive,1
sunburst,1
whitened,1
nex,1
posters,1
yurt,1
absorbent,1
marginal,1
forum,1
glas,1
stash,1
butterflies,1
polygram,1
nebula,1
longwood,1
satins,1
glissando,1
salters,1
mies,1
vacutainer,1
thermolabe,1
coding,1
alba,1
multiuser,1
vanities,1
docusaate,1
gu,1
sultan,1
saniclothes,1
dealt,1
heelzup,1
threaded,1
faxed,1
enter,1
perce,1
purview,1
leapor,1
pinnacle,1
jules,1
wastebasket,1
powers,1
fin,1
cunt,1
fexafedadine,1
fru,1
called,1
lavalosso,1
ease,1
laminated,1
mettwurst,1
mucin,1
aspircreame,1
ecostick,1
mx,1
emma,1
knu,1
rspb,1
kept,1
ribbons,1
lb,1
rotties,1
bactracin,1
skinner,1
filament,1
ambassador,1
grid,1
toasters,1
halpern,1
paperpro,1
calms,1
sd,1
serv,1
brute,1
muffaletta,1
effortless,1
abo,1
patricia,1
acidophillous,1
lovers,1
dec,1
neuchatel,1
marine,1
bona,1
passy,1
acidophius,1
dummies,1
macedo,1
sennakot,1
cramb,1
lau,1
saute,1
torit,1
relieved,1
elements,1
welling,1
kwikset,1
cause,1
advice,1
kythera,1
coase,1
brillo,1
intron,1
proactive,1
stc,1
rakish,1
strlmdriptrbl,1
bevan,1
rotation,1
plans,1
elevator,1
ha,1
blizzard,1
fitextraxx,1
money,1
drastic,1
word,1
rights,1
multiple,1
plea,1
hadrian,1
hors,1
festa,1
wandering,1
simethecone,1
bard,1
musical,1
reams,1
northwest,1
retire,1
cleansers,1
cantaloups,1
gallup,1
ascend,1
microfibres,1
allah,1
polar,1
birch,1
khan,1
andoullie,1
seco,1
witness,1
talking,1
kings,1
mita,1
ciliegn,1
hers,1
debrisoft,1
focal,1
dicta,1
fitultras,1
rotissery,1
breadboard,1
alkaline,1
dap,1
guide,1
rhodes,1
gatward,1
threahoney,1
raison,1
brackett,1
cia,1
australian,1
po,1
caviwipers,1
chem,1
distinctive,1
